-4.236842857142857355e+00,4.053060790273557146e-01,5.000477208102179771e-01,2.608907400004682131e+01
-3.706346511627907070e+00,1.318299130573927336e+00,1.107794359333332977e+03,2.233800000249175355e-02
-3.179045891141942359e+00,1.130379841075630498e+00,9.974609409883912203e-01,1.441780000022845343e-01
-6.019557591623036608e+00,9.770504083769635528e-01,1.000014103799997247e+04,2.386282600008416921e+01
-4.414136701337295854e+00,8.233971332491707429e-01,2.484086489146061505e-01,7.855329999947571196e-01
-2.647867532467532481e+00,1.473307382208235428e+00,1.123112685333331058e+02,1.113400000031106174e-02
-4.892954005934717188e+00,-2.069523772702224207e-01,1.313584629499997391e+03,3.295100000104866922e-02
-3.471092970521541865e+00,9.688725467198375796e-01,3.988035861599998384e+02,9.153819999992265366e-01
-4.459321495327102980e+00,9.929844536813954292e-01,3.644473455000003014e+03,7.953600000473670661e-02
-3.422264900662251197e+00,2.196867122409744688e-01,9.977120744951635256e-01,9.676389999949606135e-01
-4.835302428256070151e+00,2.327377804302069642e+00,7.669299733846150957e+02,1.830763999998453073e+00
-3.444698254364090051e+00,9.255017456359104777e-01,9.968294895951949064e-01,9.229859999977634288e-01
-2.932309352517985523e+00,8.589363371371865341e-01,2.006496851173500962e-01,9.261459999979706481e-01
-4.527525065963060591e+00,1.068493226719867017e+00,2.341996921847450952e-01,9.308220000020810403e-01
-5.245943306010929064e+00,1.005882959378947561e+00,3.288673911818179931e+02,1.114599999709753320e-02
-4.959311848341232398e+00,1.249907122395397252e+00,3.390207865116282164e+02,1.100010000009206124e-01
-3.431035623409668833e+00,7.940749164360894063e-01,9.966790795013840132e-01,6.435541000006196555e+00
-4.580132728771640238e+00,1.442296590600086859e+00,7.665135487980570539e-02,1.113400000031106174e-02
-3.332143842364532205e+00,7.412362168654773598e-01,4.859605715028622597e-02,6.566000000020721927e-02
-5.879417759838547752e+00,1.205620111195228716e+00,3.324099640499406094e-01,1.440159999983734451e-01
-3.616404618473895827e+00,9.296982218786999930e-01,3.327870350706958469e-01,6.435200000123586506e-02
-3.585445682451253280e+00,5.092256658633531607e-01,8.230758531428583069e+01,7.480790000045089982e-01
-4.540781774580335828e+00,2.591057468918481987e+00,9.976332044056358539e-01,9.181600000010803342e-01
-3.566702341137123700e+00,4.585921794108211991e-01,1.147310015206609393e+02,9.305330000061076134e-01
-2.518767284991568101e+00,1.268178660954377257e+00,1.203572140482824238e-01,8.008100000006379560e-01
-4.951833152762731061e+00,1.116938586367703934e+00,2.843740610399996513e+03,4.627299999992828816e-02
-2.627628762541806218e+00,7.871984799831102109e-01,8.233940599136230221e-02,8.187150000012479722e-01
-4.577835913312693350e+00,6.481734034574930803e-01,9.965393178604575741e-01,9.276850000023841858e-01
-3.327358288770053907e+00,6.042610005700477238e-01,3.158312127602638797e-01,9.521179999937885441e-01
-3.375825520833334092e+00,7.449404366134744215e-01,4.973579122922204832e-01,9.246869999988120981e-01
-4.623488448844883969e+00,8.047953795379543251e-01,9.948725228608266136e-01,9.302190000016707927e-01
-4.575780726256983399e+00,6.876158254671542736e-01,5.002729764571262061e-01,2.348507999995490536e+00
-5.907595419847328166e+00,1.080019821788359202e+00,3.644473455000003014e+03,2.763400000112596899e-01
-2.789366666666666550e+00,8.144444444444447484e-01,4.949097058798195281e-01,9.648029999952996150e+00
-3.747021920668058392e+00,1.068914889763235010e+00,5.022314841904218508e-02,1.534140000003390014e-01
-4.487573529411765350e+00,4.963368964325809429e-01,1.001043007740046731e+00,7.736339999974006787e-01
-4.422141399416909202e+00,7.649206278145586069e-01,9.827554360228188957e-01,2.024069999970379286e-01
-4.012242603550296494e+00,8.627123514046584063e-01,1.623156334273085644e-01,9.125920000005862676e-01
-6.250000000000000000e+00,1.396042500000000963e+00,6.694789908000005880e+02,3.711295999994035810e+00
-3.897957665169980768e+00,9.124938116232681473e-01,3.627978889499997877e+03,2.233799999521579593e-02
-2.879486338797813794e+00,1.291457511469565667e+00,1.376347996285711133e+03,2.773299000000406522e+00
-4.769056511056510850e+00,1.491011730413306147e+00,9.976557911097283515e-01,9.231480000016745180e-01
-3.320861952861953181e+00,1.435205288517357847e+00,2.043674518398701956e+00,1.113400000031106174e-02
-3.918216346153846175e+00,4.672231157295625437e-01,3.354560548926015517e-01,1.908102000001235865e+00
-4.604197215777262819e+00,1.775852001224974330e+00,4.469375573696949822e-01,9.153819999992265366e-01
-2.814677725118483131e+00,1.254080811466883105e+00,1.923131310688037943e-01,9.153819999992265366e-01
-3.890332792207791712e+00,1.188536764390732969e-01,1.133168547166679418e-01,8.616790000014589168e-01
-2.737100719424460760e+00,9.407164102051690513e-01,3.515391583403887910e-01,9.257169999982579611e-01
-4.187188429752065844e+00,9.453846471710116717e-01,9.974853020556548877e-01,8.834260000003268942e-01
-4.520372602739725743e+00,7.577849983760351904e-01,2.404728818999996292e+03,7.714349999951082282e+00
-5.572059862610402092e+00,1.200086646730797568e+00,9.949712652014133241e-01,2.880319999967468902e-01
-4.157942234848484908e+00,8.484178028517970205e-01,7.146026382352947337e+01,5.797400000301422551e-02
-3.416445482866043992e+00,5.882995502465386828e-01,2.793298375200000009e+03,2.758437000011326745e+00
-3.030955947136563911e+00,1.098797224720414523e+00,2.002633419576319018e-01,1.607759999969857745e-01
-4.962013513513513274e+00,1.255951398767187754e+00,2.500035259499993117e+03,4.406500800023786724e+01
-3.528226244343891871e+00,1.967555738379260788e-01,9.941191892321018519e-01,1.914814000003389083e+00
-5.926577380952381624e+00,1.595573061525494829e+00,9.990445412606878683e-01,9.260409999988041818e-01
-2.903711340206185376e+00,1.247571911025342040e+00,9.967262981366448171e-01,9.247800000011920929e-01
-3.614115572967679046e+00,1.083920916184194727e+00,1.996893549040276161e-01,5.571800000325310975e-02
-4.349901376146789289e+00,1.355268266710353942e+00,9.976995998798416920e-01,9.119789999967906624e-01
-5.916490909090908801e+00,1.382387194746563353e+00,1.043660593949544246e+00,9.119789999967906624e-01
-4.294715094339621508e+00,8.078252433714476766e-01,5.310693767351317568e-02,3.870399999868823215e-02
-4.024445081967213511e+00,1.196187246340994825e+00,4.043205667199991353e+02,1.113500000064959750e-02
-2.405477564102564081e+00,1.565215687431178004e+00,1.227224318323379276e-01,9.290279999986523762e-01
-4.415566093657380620e+00,7.525851518942214824e-01,9.100011067500000763e+02,1.115700000082142651e-02
-3.250221276595744779e+00,7.490639346718608316e-01,9.300832610127478250e-02,7.540850000004866160e-01
-4.556617021276595736e+00,7.585537776214765771e-01,9.975933154084786203e-01,2.005100000023958273e-01
-5.371477246207700951e+00,1.020448679718223950e+00,3.423865839999998570e+02,2.777749999950174242e-01
-4.528438497652582662e+00,1.457840206051121079e+00,3.893068655675675700e+02,5.374999999912688509e-02
-4.421384164222874169e+00,7.677334828359496655e-01,9.973570775323058468e-01,7.736339999974006787e-01
-3.362860465116278785e+00,1.268675945140131045e+00,4.600010485161286624e+02,1.435419999979785644e-01
-8.332912919749572822e+00,9.544632938426609314e-01,3.640004427000000305e+03,1.115700000082142651e-02
-3.604803451581974461e+00,1.138453563008373859e+00,5.334945935555555252e+02,5.731499999819789082e-02
-5.661637614678899588e+00,2.280616043857685682e+00,3.976083638400002656e+02,2.773403999992297031e+00
-3.740426339285714441e+00,1.153100810035551760e+00,1.073869017230771078e+03,1.940190000003349269e+01
-4.786329715061058643e+00,9.453207027662395845e-01,4.972323746893130281e-01,7.417600000044330955e-01
-4.278390765765766268e+00,9.881880013575203847e-01,2.492537308499999199e+03,2.242999999725725502e-02
-4.425084444444443932e+00,1.178059547611166380e+00,3.910853472972969485e+02,1.118100000167032704e-02
-4.070943939393940170e+00,6.080620396793037230e-01,1.575647870769228689e+02,8.008100000006379560e-01
-4.125646820027063733e+00,7.871107142195121753e-01,4.784688888519805228e-01,7.394910000002710149e-01
-3.546334058759521568e+00,9.293560966808929180e-01,9.938687276127146086e-01,1.441780000022845343e-01
-3.065357142857143113e+00,8.124881160870645047e-02,5.437714582000000519e+03,4.613880000179051422e-01
-4.909758904109589039e+00,8.317356314095372127e-01,2.504184359556055894e-01,7.605100000000675209e-01
-2.369721739130434823e+00,7.117289650949172319e-01,9.995894227873841631e-01,9.177779999954509549e-01
-3.174179894179893768e+00,8.342881365106440406e-01,1.403321656054680455e-01,9.192129999937606044e-01
-4.777933130699087982e+00,7.915778410877454263e-01,3.253597998139536003e+02,5.480693999998038635e+00
-5.257146798029557644e+00,1.377230824348065319e+00,3.500114770243898761e+02,1.400579999972251244e-01
-1.942013157894736608e+00,-5.235259784075569911e-01,1.182222888367344069e+02,1.160389200001372956e+01
-4.138590412111017081e+00,1.206145768793505546e+00,1.019878333972351836e+00,1.113400000031106174e-02
-3.748746286393344729e+00,9.637293516576996844e-01,4.986478204048083729e-01,1.115700000082142651e-02
-4.322869736842105404e+00,6.139274853801159892e-01,1.315462821818180373e+03,1.958100000047124922e-01
-7.304029175050302136e+00,-4.043778592608298084e-01,1.601122052666667969e+03,9.643784599981154315e+01
-3.441517964071856728e+00,7.003621528872083779e-01,3.307361857166498664e-01,4.539814999989175703e+00
-4.359216241737487785e+00,8.218140900160664231e-01,1.108027232769230750e+03,4.627299999992828816e-02
-3.469178523489933053e+00,1.099858866040998695e+00,4.986227170835620948e-01,1.114600000437349081e-02
-3.584955665024630367e+00,6.093906764387848618e-01,3.175062173124481024e-01,9.231480000016745180e-01
-4.021223152022315617e+00,7.617918981449083304e-01,1.006037914130130551e+00,7.664589999985764734e-01
-3.384203225806451165e+00,1.035515821812595938e+00,1.615962690510604483e-01,8.099070000025676563e-01
-6.759676217765042239e+00,1.173679122040783618e+00,9.975314422437672190e-01,4.627299999992828816e-02
-5.539444821731748902e+00,7.471339453915391005e-01,9.992313905040793864e-01,9.070370000044931658e-01
-3.833675203725261937e+00,8.778099793078588675e-01,9.979450108293351773e-01,1.115799999388400465e-02
-4.656885906040268530e+00,6.378915626662688965e-01,3.553995097629862321e-01,1.961000000010244548e-01
-3.110882681564245633e+00,5.800446927374300898e-01,9.978556577337601707e-01,1.914513999989139847e+00
-6.091232839838492730e+00,1.257015105366986241e+00,2.894018207999996775e+03,6.402090000046882778e-01
-5.126169934640523174e+00,7.939178137038478411e-01,3.981104398333336007e+02,8.824890000032610260e-01
-3.777132653061224588e+00,6.007493982208265138e-01,9.183094815999997991e+02,8.562401999981375411e+00
-5.738457317073170749e+00,5.446592183599001658e-01,9.976618163094893577e-01,8.059150000044610351e-01
-2.457774603174603278e+00,9.887199023199024772e-01,1.640879235629740529e-01,9.271060000028228387e-01
-3.163893023255814008e+00,2.428060508182601218e-01,1.178293013399998017e+03,1.912567999999737367e+00
-4.810124042879019512e+00,7.207297307058864178e-01,2.048342231999997239e+03,1.761782000001403503e+01
-4.033700000000000507e+00,1.064350847457625981e+00,3.607093228499993984e+03,1.542869999990216456e+00
-3.401695078031212738e+00,7.798352062703948206e-01,1.427452716470588427e+02,1.119199999811826274e-02
-5.469099502487563491e+00,2.187684151358589624e+00,5.970881188695664150e+02,7.522872000001370907e+00
-6.070049861495844468e+00,6.759904069605315868e-01,2.577465583200002129e+03,7.439536000019870698e+00
-4.049622305529521959e+00,8.224122766030435017e-01,6.074122425000005023e+02,8.210600000165868551e-02
-3.434355932203389195e+00,3.864774011299441092e-01,3.284888771616264469e-01,9.607749999995576218e-01
-5.518693850267379908e+00,1.044791560873203906e+00,8.472839664705893483e+02,7.480790000045089982e-01
-3.405017467248908414e+00,3.684607936206569789e-01,3.325179274725278411e-01,9.520489999995334074e-01
-3.399908986175115277e+00,1.000051978233610139e+00,9.994135158380108575e-01,2.242999999725725502e-02
-4.351299429657794704e+00,1.361331806784721543e+00,1.800544253250000111e+03,5.571800000325310975e-02
-3.523751351351351424e+00,5.568401120632824330e-01,9.922196880521358953e-01,3.852635999995982274e+00
-4.029287981859410728e+00,1.737959765888335895e+00,4.166818865000004735e+02,4.067659199988702312e+01
-4.706073964497041295e+00,1.086857481106535239e+00,4.950330266896555145e+02,7.736339999974006787e-01
-5.236374653098983423e+00,1.110712716321719640e+00,1.060980642358080983e+00,4.105300000082934275e-02
-4.415421487603305550e+00,8.704680472804158242e-01,9.252022274025975435e+01,7.480790000045089982e-01
-4.613882017900732713e+00,3.263769410670695592e+00,2.527003541999994923e+03,1.113400000031106174e-02
-3.124937436932391677e+00,1.125766563067608139e+00,5.718663175009260080e-02,1.565399999963119626e-01
-5.235964856230031828e+00,1.019945111615626843e+00,2.496033688152007601e-01,2.585037000004376750e+00
-3.006786815068493102e+00,1.271933184931506755e+00,2.465369309268287452e+02,1.114499999675899744e-02
-2.991100553505535053e+00,1.576875555709481347e+00,3.412563864956103532e-01,1.113400000031106174e-02
-3.597808571428572133e+00,7.467206381934210491e-01,1.187799798600000213e+04,2.789826000007451512e+00
-4.973457765667575359e+00,7.590339698696153548e-01,1.103844465692309313e+03,1.508170000000973232e+00
-3.382429149797570922e+00,1.075636067593733536e+00,1.293852430646816876e-01,6.341499999689403921e-02
-5.753278538812785392e+00,7.396356577550777800e-01,2.403663703999998233e+03,1.624608300002000760e+01
-2.388075657894737081e+00,1.248574532219331790e+00,1.323143867250515804e-01,9.230790000001434237e-01
-2.960443925233645412e+00,7.250035633508296051e-01,9.948777943277768987e-01,9.259720000045490451e-01
-3.912231671554251999e+00,1.175681887767781486e+00,9.570638516000005893e+02,7.733330000046407804e-01
-3.985165624999999601e+00,6.042670673076928622e-01,5.367130795384611019e+02,3.706248000002233312e+00
-4.796331096196867705e+00,1.200955570469798950e+00,6.646726435999996738e+02,3.668100000009872019e+00
-3.173630979498860860e+00,6.336969463412320813e-01,1.845948877692308656e+02,5.169000000023515895e-02
-3.632635616438356418e+00,9.740246575342461632e-01,9.945501111220979018e-01,1.841991999986930750e+00
-3.709413703943115426e+00,1.139117839681045741e+00,9.995120571664709574e-01,1.116899999760789797e-02
-3.649811181434599039e+00,1.113717901339449146e+00,1.285571539821429212e+02,5.579800000123213977e-02
-2.960382320441988568e+00,1.321181834344161032e+00,6.130321909521972007e-02,1.537150000003748573e-01
-4.432003612716763463e+00,4.958468756378575648e-01,3.884361144285711589e+02,4.140099999494850636e-02
-3.784490476190476294e+00,5.894772657450078057e-01,9.182995047999983171e+02,7.619448000041302294e+00
-6.923388888888888815e+00,9.305006459948330644e-01,3.497617848000001686e+03,9.125920000005862676e-01
-5.307830798479087342e+00,1.381513474365185346e+00,1.451191555799999151e+04,1.115700000082142651e-02
-4.599268434134216044e+00,1.690907034349599769e+00,3.327741289876536279e-01,1.113500000064959750e-02
-3.734113976705490501e+00,8.703568498747360493e-01,1.327537417431191500e+02,2.789250000205356628e-01
-5.719827004219410149e+00,4.786856008226072490e-01,4.985872341881792402e-01,8.359691999998176470e+01
-3.729696319018404260e+00,1.044782208588957317e+00,7.729530766153843615e+02,1.855486000000382774e+00
-2.421153086419753020e+00,1.165821597124550468e+00,9.889852013895761296e-01,9.170250000024680048e-01
-4.709469407265774343e+00,1.246884869057218737e-03,7.265186839090906687e+02,4.181249999965075403e-01
-4.092472622478386057e+00,1.064714159130809357e+00,5.256947807368422900e+02,4.650404999993043020e+00
-3.528768567639257281e+00,9.718110271509012854e-01,3.087641608085104963e+02,1.114600000437349081e-02
-2.989711864406780162e+00,1.101968407702063946e+00,1.000385279832937568e+00,9.244899999976041727e-01
-3.621165354330708741e+00,8.334287050752320347e-01,9.091102292051041200e-02,7.807289999982458539e-01
-5.854520417853750658e+00,1.017684638326024960e+00,1.000232902298451521e+00,4.627299999992828816e-02
-3.637534299516908209e+00,8.515137451758287845e-01,9.975314422437672190e-01,5.731499999819789082e-02
-3.862952901597981104e+00,1.636240701095621475e+00,5.054007083999989845e+03,1.113400000031106174e-02
-2.947100515463917159e+00,1.388887138857070713e+00,2.408600590499998361e+03,9.306129999968106858e-01
-4.472042424242424374e+00,1.303113063562452822e+00,9.971297617490784138e-01,9.230790000001434237e-01
-3.292574106619800656e+00,6.329617116679102651e-01,9.966471153398591687e-01,1.115799999388400465e-02
-3.916189320388349770e+00,9.391947375826648070e-01,8.682170199253257115e-02,9.286919999940437265e-01
-3.471698529411764600e+00,1.099955882352941838e+00,8.875639960098163916e-02,9.222569999983534217e-01
-4.873854304635761636e+00,8.427076422668928757e-01,9.984805965090174373e-01,2.941814399999566376e+01
-3.391805248618784407e+00,5.854664180478827973e-01,3.607093228499993984e+03,7.745600000052945688e-01
-5.772147227533460878e+00,1.257489838103604818e+00,1.028882430428571524e+03,5.169000000023515895e-02
-2.813773404255319299e+00,1.119923529706944976e+00,6.260020309719065146e-02,1.666439999971771613e-01
-5.234889894419306522e+00,8.583428383134261708e-01,9.968722848413310578e-01,7.862610000011045486e-01
-3.237289544235924854e+00,7.670446803630057708e-01,3.298199550791547918e-01,9.180210000049555674e-01
-3.555188118811881903e+00,7.531724032109567979e-01,1.433197583400000985e+04,8.878010000044014305e-01
-4.269596045197739720e+00,7.724419054663966833e-01,6.834840131652981932e-02,5.302099999971687794e-02
-3.766625287356321738e+00,1.530666920435886258e+00,3.985636332000000834e+02,2.694480000645853579e-01
-2.987282500000000063e+00,5.161611881188119533e-01,5.015304952862882359e-01,1.120300000184215605e-02
-3.512886431560071188e+00,9.798016694014668460e-01,3.431045196896038985e-02,1.115799999388400465e-02
-2.987071593533487057e+00,8.339284064665131169e-01,2.070492728809791849e-01,9.259259999962523580e-01
-4.883723214285714320e+00,9.266352194492259997e-01,3.497617848000001686e+03,1.086082059999098419e+02
-4.267546666666667043e+00,4.679169094922741579e-01,9.987374952517966697e-01,9.343289999960688874e-01
-2.734373595505617871e+00,1.131662616193546800e+00,1.017515368131865383e+00,9.178010000032372773e-01
-3.405449404761903942e+00,7.219494391687319990e-01,1.026357884308089913e-01,9.265390000000479631e-01
-4.805690653432589166e+00,9.226940999306396662e-01,1.010801416799997969e+04,1.113500000064959750e-02
-3.383050156739811687e+00,1.134799996165387181e+00,1.034973765707678656e-01,9.222109999973326921e-01
-5.726851662404091492e+00,4.689919204836092703e-01,9.969747168251331670e-01,1.343520000009448268e-01
-3.884932618683001326e+00,1.934386684457112260e-01,9.978701109332578367e-01,8.059150000044610351e-01
-6.503652818991096929e+00,1.645219521434435173e+00,1.116487777333333042e+03,7.130515699990792200e+01
-4.105216959064327931e+00,7.152845263783342844e-01,1.000207302878340476e+00,1.116900000488385558e-02
-2.237417127071823497e+00,9.025315908768942741e-01,3.326898185964544674e-01,1.861598000003141351e+00
-3.783349462365590998e+00,6.076173651374250362e-01,2.912003541600000062e+03,1.115700000082142651e-02
-3.780402640264026282e+00,6.629055789140556598e-01,4.978963166946155372e-01,9.372799999982817098e-01
-3.402693820224719001e+00,9.844641602313068951e-01,9.043723017258342711e-02,7.394910000002710149e-01
-6.386846625766871455e+00,1.021527039713554963e+00,3.390378354146346283e+02,4.953122999983315822e+01
-3.335224637681159177e+00,4.921376811594200262e-01,1.162760965199999919e+04,9.620139999969978817e-01
-4.662694117647058434e+00,8.780465573085365349e-01,1.585491858683029942e-01,7.807289999982458539e-01
-3.728177446102819204e+00,1.618087705412332156e+00,9.189103789090891041e+02,1.113400000031106174e-02
-2.882011299435028207e+00,8.843100302048605421e-01,9.247057977755327451e-01,2.773469999992812518e+00
-3.947393634840870913e+00,1.200100512316319534e+00,2.527003541999994923e+03,1.113400000031106174e-02
-3.558361731843575626e+00,6.345053914440947906e-01,1.109874839538459810e+03,4.748022000027413014e+01
-3.774374384236453217e+00,1.911020223606683999e+00,1.256768429249999826e+03,2.490093899995554239e+01
-6.813586092715231857e+00,1.385349278463808176e+00,4.993831415443890642e-01,1.113500000064959750e-02
-5.215616504854368785e+00,1.378562599623243123e+00,1.872106402383390544e-01,9.222570000056293793e-01
-3.381220913107511272e+00,8.134571284355152088e-01,7.294019500432219472e-02,7.828359999984968454e-01
-3.987607007575757034e+00,9.880797740334386070e-01,1.840341082903060310e-01,3.666700000030687079e-02
-4.942112314709236287e+00,1.119350371857927406e+00,1.402307419699698743e-01,1.115700000082142651e-02
-4.534947058823529886e+00,4.644055423325399445e-01,4.999911667518062153e-01,2.012014199993427610e+01
-4.675686930091185189e+00,1.728369617527862445e+00,2.439976526999995258e+03,9.136066499976004707e+01
-4.079246666666666243e+00,1.099789148601948874e+00,1.444002023999996936e+03,1.113400000031106174e-02
-6.901552975326560535e+00,9.839867072131207593e-01,1.435595777400000952e+04,4.639998000027844682e+00
-4.839023232323231838e+00,7.413740982722503148e-01,9.978077150604912626e-01,1.480440000013913959e-01
-4.806467251461987722e+00,7.109641091237355326e-01,2.495931723322191154e-01,1.115799999388400465e-02
-4.699803703703703484e+00,7.390712962962968646e-01,1.148419923809522487e+02,7.114349999974365346e-01
-5.252480898876404680e+00,1.468543820224718743e+00,1.004745505794617966e+00,8.239167000043380540e+00
-4.059856179775280793e+00,1.004581182862081867e+00,1.060463199692308081e+03,3.722688000008929521e+01
-3.718361221779549197e+00,9.003058905199159412e-01,6.624771563564435528e-02,2.013310000038472936e-01
-3.610498861047835462e+00,1.146379558405051569e+00,3.366908568823448467e-01,9.153819999992265366e-01
-3.438397468354430053e+00,7.455544303797472239e-01,1.170085033170730640e+02,9.193630000008852221e-01
-1.962719056974459919e+00,5.707535168652027036e-01,9.977534144989382014e-02,9.241550000006100163e-01
-5.410501908396947002e+00,1.358381393310833296e+00,2.057764860857143049e+03,4.685199999948963523e-02
-3.738535502958579837e+00,2.067279700953119637e-01,1.014931267059079767e+00,3.658288000005995855e+00
-2.823302987197723990e+00,1.093653769559032263e+00,2.868602390817355241e-01,2.073959999979706481e-01
-4.443993476234854967e+00,7.544527603242849878e-01,1.994403619996170940e-01,3.446699999767588452e-02
-3.711116719242902207e+00,1.204801955455892859e+00,1.235083211976695516e-01,9.261929999993299134e-01
-4.100921904761904990e+00,7.733300952380952609e-01,5.054765730810443364e-02,4.144699999596923590e-02
-5.557908163265305568e+00,7.231470091484872853e-01,9.961143332143634899e-01,9.308799999998882413e-01
-2.978834928229665113e+00,9.454002202851867764e-01,3.021257343636362407e+02,2.409700000134762377e-01
-5.873180112570356215e+00,8.133917013204055024e-01,1.000476770630816414e+00,1.673550000123213977e-01
-3.426794921874999567e+00,1.020303503321850158e+00,1.336896366405365411e-01,8.828009999997448176e-01
-4.397364583333333243e+00,9.420466503677698000e-01,1.999777950833334330e+02,5.374999999912688509e-02
-3.893645116918845073e+00,9.341741934259819580e-01,6.021666985785961934e+00,7.245139999940874986e-01
-5.786185365853659057e+00,1.417790243902438796e+00,9.964467228939541954e-01,3.693563999986508861e+00
-4.439604895104894311e+00,8.404793960828449428e-01,2.565224672144711948e-01,9.308799999998882413e-01
-4.480660059464816491e+00,2.948579143192991303e+00,9.996775644388924409e-01,1.115960000024642795e-01
-4.744726315789473681e+00,7.474252799552072446e-01,9.948425301800881693e-01,9.226740000012796372e-01
-4.857699999999999463e+00,1.132321798365122589e+00,2.513469652499992662e+03,8.312912999994296115e+01
-3.646096453900709911e+00,9.747373611281924255e-01,1.202364409499998146e+03,5.549768000026233494e+00
-5.124100189035917019e+00,1.051365195579467837e+00,6.626315372727278827e+02,4.105300000082934275e-02
-3.796899224806201012e+00,7.470359603789846759e-01,9.979230278740802706e-01,9.241899999979068525e-01
-4.542002915451894829e+00,4.407857750242962780e-01,1.745612264370257904e-01,9.127310000039869919e-01
-3.813878551136363537e+00,7.169296306818178088e-01,1.002297237099119886e+00,1.114600000437349081e-02
-3.958244868035190933e+00,9.467290982741500827e-01,8.333721723405103365e-02,2.073959999979706481e-01
-3.253521390374331634e+00,1.483538609625668858e+00,9.976332044056358539e-01,9.233909999966272153e-01
-5.472748110831233248e+00,8.723090320259085928e-01,1.107080454461537329e+03,7.316200000001117587e+00
-7.284236526946108015e+00,1.230670935740457494e+00,6.827807439999991175e+02,1.571065999989514239e+00
-3.312532828282828135e+00,8.389593996964466172e-01,2.466122907313076096e-01,9.246419999981299043e-01
-3.966480487804878052e+00,1.689869026758229253e+00,1.005414743399999679e+03,4.593459999996412080e+00
-3.707005708848715386e+00,7.439056212005450419e-01,9.945349856733533001e-01,4.640099999960511923e-02
-4.558115207373272249e+00,1.201531304254634946e+00,1.456001770800000122e+04,1.113400000031106174e-02
-7.172064705882354119e+00,8.999235639123668307e-01,4.372022310000002108e+02,9.125920000005862676e-01
-7.849883668903803624e+00,1.615876420782294431e+00,1.994017930799999021e+03,1.519668580008001300e+02
-3.616790816326530322e+00,5.430806920533579607e-01,5.263889525374496614e-01,1.846550000002025627e+00
-4.048919889502762715e+00,6.917979875922100064e-01,6.664983363103154090e-01,9.229279999999562278e-01
-3.991874673629243198e+00,6.906556693786729539e-01,2.040845109795912720e+02,8.237088000059884507e+00
-3.816215189873417568e+00,8.801147593651603707e-01,2.494721079563179955e-01,9.200579999960609712e-01
-5.674017283950616886e+00,1.777736410630664565e+00,9.939481820997201345e-01,9.237499999944702722e-01
-4.591324396782841433e+00,6.877718893244484377e-01,5.379215999999993869e+01,4.048139999940758571e-01
-4.180849000000000260e+00,1.547625358974358711e+00,8.969044098749991463e+02,1.441780000022845343e-01
-7.375469662921347869e+00,1.614183398303141281e+00,1.000912524244553126e+00,5.492291999995359220e+00
-4.854178807947020502e+00,8.968285630603505254e-01,9.091654040597467457e-02,9.153819999992265366e-01
-3.600940366972477769e+00,1.119692149731307929e+00,1.994017930799999021e+03,9.253470000039669685e-01
-4.356086826347305596e+00,8.269580838323360439e-01,3.412310095609757354e+02,1.368888000000879401e+01
-4.542954356846472308e+00,3.445434010010615111e-01,1.649914409936144299e-01,9.572570000018458813e-01
-3.307598159509202773e+00,8.355825633823634746e-01,1.001680489153004006e+00,1.186369600000762148e+01
-4.059178794178794014e+00,1.182234539154539910e+00,9.967075864392496154e-01,1.441780000022845343e-01
-3.730516652433816915e+00,1.765424175968550280e+00,9.898172902467665679e-01,1.113400000031106174e-02
-3.313557741659538092e+00,1.195653682040376697e+00,1.684669027999996615e+03,1.113400000031106174e-02
-6.036127027027027303e+00,9.351113291373565062e-01,1.841046845142858501e+03,1.859884000004967675e+00
-4.282116216216216742e+00,8.897816332461490063e-01,2.513469652499992662e+03,7.347591999976430088e+00
-4.326427513227513622e+00,8.707794584500465618e-01,6.937588195367673516e-02,1.565399999963119626e-01
-5.890302972802023973e+00,1.088254352038741324e+00,2.073130793999998787e+03,1.116899999760789797e-02
-3.725709491850431210e+00,9.629896646631581625e-01,4.992497582836545322e-01,6.045100000483216718e-02
-4.138580543933054301e+00,-1.922350111020532104e-01,1.171191125999999940e+03,4.287509999921894632e-01
-2.655494382022471900e+00,8.702640338191125480e-01,9.065008749183851855e-02,8.983799999987240881e-02
-4.296591259640102578e+00,1.009711192675974090e+00,9.981998826466906838e-01,9.222109999973326921e-01
-3.539323383084576946e+00,1.049795260983219514e+00,4.982480516378412494e-01,9.222569999983534217e-01
-4.272492495309568206e+00,7.182333583489688422e-01,7.288946910000006483e+02,5.302099999971687794e-02
-5.005164414414414509e+00,7.174651310401305437e-01,9.979481895775268452e-01,2.777777999988757074e+00
-3.526993498817967421e+00,7.071434059439374309e-01,1.000138597884324687e+00,1.115799999388400465e-02
-2.732873035066505807e+00,2.718426047439206350e-01,3.985091770500002895e+03,8.011000000042258762e-01
-5.570390041493775257e+00,1.002800049507236224e+00,9.983630553777643746e-01,1.400579999972251244e-01
-4.107904176904177085e+00,-9.879051276036499019e-03,6.267791533846148013e+02,1.118865999997069594e+00
-3.582103305785123926e+00,6.751540781811207204e-01,9.582747275630378869e-01,7.605100000000675209e-01
-3.771674897119341452e+00,9.774796922526398646e-01,9.990930132675993613e-01,9.404859999995096587e+00
-3.749572614107883339e+00,1.305325897394146395e+00,9.827268492870314676e-01,7.394910000002710149e-01
-6.477586102719033789e+00,1.102763948458039600e+00,1.328747273888887719e+02,3.068280000006780028e-01
-4.257395161290322250e+00,1.004712365591398537e+00,4.189116087499987202e+02,3.696431999997003004e+01
-4.149266216216216385e+00,7.397431546003838676e-01,5.539933626923084375e+02,3.697455000001355074e+00
-4.551474402730375957e+00,5.751455972696239982e-01,3.488635016999997333e+03,1.973416199990606401e+01
-5.751390163934425814e+00,1.036926435797837165e+00,1.607796134666665921e+03,1.115800000115996227e-02
-5.509865168539325175e+00,1.563637053682897182e+00,3.988035861599998384e+02,5.492291999995359220e+00
-4.174795321637426504e+00,6.272691944916051199e-01,6.995235696000003145e+02,9.079629999978351407e-01
-5.556825842696629714e+00,7.753546846867385156e-01,5.399219933333338304e+02,3.976800000236835331e-02
-5.509023809523810655e+00,4.436111111111111782e-01,2.920212343500003044e+03,9.658340000023599714e-01
-3.592691504178272766e+00,1.068078289567568895e+00,2.387816041584157034e+01,2.229200000874698162e-02
-5.510601719197707915e+00,1.145508450293816871e+00,4.064172162857135504e+02,5.374999999912688509e-02
-3.923245585874798991e+00,8.485265660239358354e-01,8.424251865697791886e-02,7.922330000001238659e-01
-4.601755351681957151e+00,7.317700106368834057e-01,9.310994584000000032e+02,2.758437000011326745e+00
-2.960584045584045310e+00,9.286255352542784891e-01,2.819471517376687664e-01,9.209959999934653752e-01
-3.669097727272727205e+00,1.133970765877957199e+00,7.692588673846163374e+02,9.250460000039311126e-01
-3.342960187353630097e+00,1.316337781043660726e+00,9.944234643925788930e-01,9.170250000024680048e-01
-3.818956112852664120e+00,1.006687637147336112e+00,9.310994583999999463e+01,9.198259999975562096e-01
-3.736455684007707223e+00,8.363962036980034931e-01,1.409281899035209340e-01,6.339100000332109630e-02
-2.806165526675786115e+00,8.925350080835716682e-01,4.998131684570475963e-01,1.984950000041862950e-01
-3.482812500000000089e+00,5.528331692913384110e-01,2.920212343500003044e+03,4.829170000011799857e+00
-7.325975130890052256e+00,1.739656519860288242e+00,2.067155862857140619e+03,3.412720000051194802e-01
-4.007637500000000408e+00,2.416731382978714038e-01,1.939273229244395658e-01,9.522110000034444965e-01
-3.814511173184358395e+00,1.180649865776680851e+00,2.194995098729316529e-01,9.289939999944181181e-01
-3.551747320061255930e+00,1.030904655622635335e+00,9.954454057206317819e-01,7.860179999988758937e-01
-4.201421052631579833e+00,5.466315789473679132e-01,4.962928307854501675e-01,9.645515999945928343e+00
-3.939812405446293297e+00,8.489657100552268076e-01,2.867679124799996316e+03,3.534898499976407038e+01
-3.806985994397759310e+00,7.869452013270232804e-01,1.007530834841943390e+00,1.111099999980069697e-02
-5.831088647959184357e+00,1.215501473913811026e+00,1.612435061999999334e+03,1.115700000082142651e-02
-4.264280821917808773e+00,5.395104946088018494e-01,9.618915275999984260e+02,7.714349999951082282e-01
-3.544234332425067802e+00,8.345944554537205740e-01,1.878434184867804335e-01,7.480790000045089982e-01
-6.624959044368599947e+00,6.240854761793448446e-01,3.987018769714291579e+02,2.140782500001660082e+01
-3.709389057750760443e+00,5.431597928239524364e-01,1.396639652999998543e+04,9.182300000029499643e-01
-3.450582914572863480e+00,6.527258102593513911e-01,9.988135642901952993e-01,8.847679999962565489e-01
-3.277566125290023002e+00,1.449719588995691311e+00,4.242591342127657583e+01,9.119789999967906624e-01
-3.804277207392197102e+00,1.184513249039337968e+00,1.132061985895047862e-01,1.537150000003748573e-01
-5.750939424031777492e+00,1.992185081897075882e+00,5.218352930181812610e+01,7.327550000263727270e-01
-3.204570776255707631e+00,7.205553919685909747e-01,2.485036701000000903e+03,1.882731999998213723e+00
-2.358839762611276036e+00,1.081699394015230187e+00,1.201194591333226425e-01,9.332639999993261881e-01
-4.282033305578684335e+00,1.143410951178072565e+00,2.963323258595612977e-02,1.113400000031106174e-02
-4.419867403314916565e+00,3.330707989322743146e-01,9.647734732458875806e-01,9.397680000038235448e-01
-3.398136645962733127e+00,9.360554672829692890e-01,9.458335623471711417e-02,1.642250000004423782e-01
-6.098650975889780668e+00,5.060832161476902513e-01,9.706678471999999829e+02,1.115700000082142651e-02
-4.390289544235924879e+00,4.165770307296865482e-01,1.412139944117649009e+02,5.278595000003406312e+00
-5.339074468085105885e+00,3.870574000467623677e-01,9.951742241266610112e-01,1.914513999989139847e+00
-5.420351351351350822e+00,7.618614146060957992e-01,4.655489721999998665e+02,4.563655000019934960e+00
-3.754996894409937447e+00,8.897470080290865724e-01,7.179596548604326722e-01,9.195479999980307184e-01
-2.832436936936936434e+00,8.500733723414137799e-01,1.004119805073626193e+00,9.527429999943706207e-01
-5.618784911717495945e+00,8.733966219288262778e-01,1.024171115999998619e+03,8.059150000044610351e-01
-2.748403465346534791e+00,4.394006821189031520e-01,6.893010798000002524e+02,2.807465999998385087e+00
-4.524378651685393216e+00,1.056204177818838907e+00,3.986231846666668730e+02,2.228720000130124390e-01
-2.628778975741239865e+00,1.267741924580302548e+00,3.325158054126302609e-01,9.319570000006933697e-01
-5.406208191126279594e+00,1.019908247229884601e+00,9.946942543303172179e-01,1.861550000001443550e+00
-4.529728174603175006e+00,8.520085621335615755e-01,1.793808819749998293e+03,1.493869999976595864e-01
-4.246182493806770708e+00,1.594102003637862808e+00,1.978084964383557320e+01,1.113500000064959750e-02
-4.641728813559321765e+00,8.047901368779966091e-01,1.426885833428571914e+03,6.028529000006528804e+01
-5.310252232142858020e+00,1.560707856548937400e+00,9.991070902896077577e-01,3.661852000019280240e+00
-3.658309446254071950e+00,8.012892486888327781e-01,1.791496979250001232e+03,8.834260000003268942e-01
-4.318005698005698889e+00,1.027817450142449296e+00,2.057764860857143049e+03,5.374999999912688509e-02
-5.593333333333333712e+00,5.913428184281830369e-01,4.994164091944496287e-01,1.738079999995534308e-01
-4.351530232558139311e+00,7.397582289803219524e-01,3.533675155499997345e+03,3.104744000012578908e+01
-3.486360000000000792e+00,8.635535802469127553e-01,4.991752118117836479e-01,1.961000000010244548e-01
-4.183848771266541533e+00,5.523607148994660321e-01,9.974376307297391220e-01,4.079399999900488183e-01
-4.460627976190476573e+00,6.277174783549783754e-01,1.000105203437164025e+00,4.568809999982477166e+00
-3.772497267759562511e+00,3.563360655737710658e-01,2.511102923226429806e-01,9.602199999935692176e-01
-3.464141095890410860e+00,1.082966723499323436e-01,9.987083705832009439e-01,6.482407999981660396e+00
-5.441235294117647392e+00,1.050289915966386545e+00,9.991256086143603943e-01,1.234295999992173165e+01
-4.149419263456091578e+00,8.792664231976798916e-01,4.993284404863851389e-01,4.144699999596923590e-02
-3.647046280991735667e+00,9.934412190082642091e-01,1.109383247999999412e+03,2.375832000012451317e+00
-3.461416256157634930e+00,1.293383266515396368e+00,1.998399442269085946e-01,9.181600000010803342e-01
-4.028949852507374807e+00,8.103930046354825834e-01,4.364498915624995448e+02,9.137029999983496964e-01
-4.967777490297542009e+00,8.122665511532343174e-01,9.725830783707475891e-02,1.420020000005024485e-01
-4.233514256619144156e+00,6.641827444149823734e-01,5.502670131811391446e-02,5.302099999971687794e-02
-3.994150273224044145e+00,7.108018798860036291e-01,1.378602159600000505e+03,2.803611000003002118e+00
-4.792536723163841827e+00,1.254650128047230417e+00,1.002678598026514711e+00,5.546939999985625036e+00
-5.295512132822477014e+00,1.078035303074958762e+00,1.451191555799999151e+04,1.116899999760789797e-02
-3.030022196261682232e+00,8.419193028242415444e-01,9.974238358602107724e-01,4.155999999784398824e-01
-2.886242500000000266e+00,1.148970371287127978e+00,9.975524285122241430e-01,9.229859999977634288e-01
-4.718368932038834451e+00,1.588645919446314281e+00,1.117127492666666512e+03,3.674767999997129664e+00
-4.313316692667706675e+00,1.294128596086093097e+00,2.048342231999997239e+03,8.008100000006379560e-01
-4.299593385214008023e+00,8.756596710207107392e-01,9.987072055744298238e-01,4.685199999948963523e-02
-3.654872509960159110e+00,6.016718448785511875e-01,2.888991599999999238e+01,9.329160000052070245e-01
-4.553552393272962462e+00,1.215763620961912927e+00,1.000545749999999456e+00,1.116899999760789797e-02
-3.523087209302325995e+00,1.462616202771164886e+00,3.260649731612896858e+02,1.113500000064959750e-02
-3.349300947867297928e+00,7.017328074069633104e-01,2.206063289090909336e+02,1.115799999388400465e-02
-5.864609638554217241e+00,1.220789411327017682e+00,9.996181253515490361e-01,2.492907300005026627e+01
-4.998582962492053916e+00,4.399129669516366192e-01,1.001443348147125212e+00,1.115700000082142651e-02
-4.253531073446327859e+00,7.484744514155501349e-01,1.027072107572958526e+00,9.402320000008330680e-01
-4.395046698872785207e+00,6.365293529071500700e-01,1.000207679112290471e+00,8.616790000014589168e-01
-3.452733149931224599e+00,8.070688443707703108e-01,3.800740981507817473e-01,7.714349999951082282e-01
-3.086177215189873202e+00,9.638107944024527640e-01,1.066081689634509611e-01,9.257169999982579611e-01
-5.041209677419354662e+00,6.213560912018820659e-01,9.974259005609042994e-01,3.042040000000270084e+00
-4.575499999999999012e+00,6.357307692307703206e-01,4.620422551435610092e-02,1.115700000082142651e-02
-7.305124716553288877e+00,2.013216801303855163e+00,4.334821588695650121e+02,4.628584999991289806e+00
-5.655972407231208088e+00,1.347548684580205602e+00,9.972563839102484007e-01,3.666700000030687079e-02
-3.515070175438596678e+00,9.329854738025504801e-01,9.961369754064181015e-01,8.008100000006379560e-01
-6.071388392857143046e+00,1.250384755291005234e+00,2.389732603999997082e+03,3.930089999994379468e+00
-4.088003412969283268e+00,5.586883678526337604e-01,9.963276948450677795e-01,3.723519999999552965e+00
-3.511320224719101546e+00,1.029164508105325559e+00,9.993145835914832853e-01,3.701388000015867874e+00
-4.936096463022507486e+00,8.060181203108252035e-01,2.073130793999998787e+03,1.115700000082142651e-02
-3.739756756756757117e+00,6.751116642958758796e-01,2.705772365937871848e-01,9.563659999985247850e-01
-4.793780907668232061e+00,9.750156494522688178e-01,2.060283174857141603e+03,8.113664000030257739e+01
-4.858092233009708494e+00,5.052131857095041312e-01,1.000366166520981093e+00,2.068076999999175314e+01
-3.660886210221793391e+00,1.345713984330735968e+00,5.144412152142857622e+02,5.571800000325310975e-02
-3.785616959064327602e+00,1.094732153361707816e+00,3.096512432903231797e+02,3.697591999982250854e+00
-4.714478896103896588e+00,6.872616621883853583e-01,4.984688311769619462e-01,8.616790000014589168e-01
-5.492694570135746801e+00,1.428645565918674087e+00,1.532408400848940255e-01,9.119789999967906624e-01
-4.048289317507418161e+00,6.661563346664944874e-01,1.003334561087226628e+00,1.961000000010244548e-01
-4.665604361370716546e+00,1.136334476549772710e+00,1.109383247999999412e+03,5.545631000000867061e+00
-5.526326160053800507e+00,1.171635145871229966e+00,4.994527608363434346e-01,3.343799999129259959e-02
-3.607079601990049511e+00,5.090558146766177572e-01,2.125631149628580407e-01,7.914459999956307001e-01
-2.701050743657043007e+00,1.072770836631826707e+00,1.095790963965133646e-01,1.113500000064959750e-02
-2.612524544179523289e+00,7.722603873273259367e-01,9.598160667024843717e-02,2.013310000038472936e-01
-4.173926767676767291e+00,7.736207901638501028e-01,1.107080454461537329e+03,1.279784799997287337e+01
-5.291956647398843749e+00,1.076496372735384455e+00,2.416827908080809806e+01,7.736339999974006787e-01
-4.962667410714286298e+00,1.381029292582416801e+00,9.867467986935862800e-01,9.153819999992265366e-01
-4.374979020979020916e+00,4.879036769681928121e-01,3.317376518035470290e-01,9.306720000022323802e-01
-3.012004291845493231e+00,1.385150268965317455e+00,3.324457874691655324e-01,1.113500000064959750e-02
-4.470154761904761465e+00,1.395435058454520316e+00,9.988757116017374371e-02,9.258679999984451570e-01
-5.160350859453993522e+00,9.027404268530601072e-01,1.173949048028074538e-01,1.565399999963119626e-01
-6.212284671532847469e+00,5.669914478701372218e-01,9.970047890998676721e-01,3.846388000005390495e+00
-4.646189228529839177e+00,9.057109406748979907e-01,2.392659629000001587e+03,3.636079799987783190e+01
-4.582625349487417843e+00,9.955524707802680950e-01,4.203302525805897027e-01,1.590629999991506338e-01
-5.328124161073825249e+00,7.187809236719377992e-01,1.550507299333335595e+03,6.515425000005052425e+00
-3.836175133689839534e+00,7.480229667172162422e-01,1.447009103999998297e+04,6.351360000116983429e-01
-4.139390119250425215e+00,9.104479814360733059e-01,4.853339235999999914e+02,1.115799999388400465e-02
-4.326280534351145235e+00,4.608208301712721777e-01,4.769254416614325531e-02,4.052099999535130337e-02
-3.803842791911285381e+00,7.546023735656772757e-01,3.455217989999998167e+02,2.231400000164285302e-02
-3.757803278688524706e+00,7.953999733439962583e-01,9.977022532382087139e-01,7.245139999940874986e-01
-5.395394736842106020e+00,4.144278438030548628e-01,5.092906587313434130e+01,1.888193999999202788e+00
-3.723368048533872710e+00,7.685417792270179405e-01,3.986241821666662872e+02,1.493869999976595864e-01
-4.423530459770114831e+00,8.512757163139852423e-01,3.640004427000000305e+03,1.113400000031106174e-02
-5.730625418060200538e+00,8.294991610643789315e-01,1.067880860307690455e+03,1.674959400010993704e+01
-3.749755244755244910e+00,5.616206212955630050e-01,1.820002213500000153e+03,1.111099999980069697e-02
-5.558044077134987049e+00,1.111650631141809953e+00,1.440382743000002120e+04,4.639111000000411877e+01
-4.796280804694048605e+00,1.290531746916190770e+00,3.326865078497837636e-01,1.112299999658716843e-02
-4.363474103585657460e+00,9.926685220221216355e-01,2.894018207999996775e+03,1.738079999995534308e-01
-4.786883223684211153e+00,6.264149641246854472e-01,1.102459679538462296e+03,5.170074000008753501e+00
-3.926351239669421567e+00,7.825303929836397998e-01,6.500119301886792300e+01,9.383329999982379377e-01
-4.994711309523809817e+00,7.994110146352113588e-01,9.979395618040074467e-01,5.502125999992131256e+00
-4.266694627709707532e+00,9.953642516825054187e-01,9.994694716902581266e-01,5.579800000123213977e-02
-3.437573816155988560e+00,7.616598794961850771e-01,1.335543594590394290e-01,9.260189999986323528e-01
-4.096568464730291126e+00,8.154962328787105363e-01,1.414241331673558311e-01,7.745600000052945688e-01
-5.371767904509283653e+00,1.223871021665213554e+00,1.309438857272729138e+03,7.394910000002710149e-01
-4.256792366412213369e+00,7.660771988051777726e-01,9.973842253756247667e-01,3.845484999983455054e+00
-2.998151125401929296e+00,1.173525672976996059e+00,1.217224696382372823e-01,1.465510000052745454e-01
-3.815903066271018940e+00,8.627269239918819999e-01,8.801481506973381219e-02,4.144699999596923590e-02
-3.740766871165644325e+00,8.088186360807334552e-01,9.961055937522277359e-01,7.345832000020891428e+00
-5.071161333333333410e+00,9.643012290626735705e-01,5.788036415999993096e+02,3.476159999991068617e-01
-4.114814528593508491e+00,1.136738304484592454e+00,7.719564137158721473e-02,7.855329999947571196e-01
-4.996302017654477012e+00,9.259625563365538881e-01,1.116301196769230046e+03,1.115800000115996227e-02
-3.949467376830892551e+00,9.410828239723199040e-01,1.674836544928208770e+00,1.738079999995534308e-01
-4.297091655266758181e+00,9.180447083696048338e-01,1.000767068261980919e+00,2.117120000038994476e-01
-4.380399449035812687e+00,1.019449338410692185e+00,9.991948001385025924e-01,1.565671999996993691e+00
-5.962186553030302427e+00,1.149476260071817357e+00,4.987829920011080942e-01,4.650499999843304977e-02
-3.348445454545454503e+00,1.157529488506937376e+00,1.287659458335485285e-01,9.253470000039669685e-01
-4.146602006688963726e+00,7.456479933110369274e-01,4.991435881154143717e-01,9.195370000015827827e-01
-5.266079051383399268e+00,7.878197813014251594e-01,5.759360498400003507e+02,4.685199999948963523e-02
-3.629650537634408813e+00,5.584654844650387417e-01,3.320945661035843988e-01,9.572569999945699237e-01
-3.498470760233917787e+00,7.136413087315993664e-01,2.327732754999997269e+02,2.757221999992907513e+00
-4.317372228704783765e+00,8.859850812367371375e-01,3.327243534734917740e-01,1.116900000488385558e-02
-3.808490657022302717e+00,1.007514221026477141e+00,5.020695761379311080e+02,1.111099999980069697e-02
-3.826993162393161896e+00,1.024908849855306947e+00,5.020121265458147297e-01,1.113400000031106174e-02
-4.939865638766519851e+00,8.284121390112586525e-01,3.490074306000005436e+03,9.239000000015948899e-01
-3.959671532846715358e+00,1.408239524845591895e+00,1.088183305378486454e-01,9.232990000018617138e-01
-5.658639257294429292e+00,7.937969129183368722e-01,8.333450864999978194e+02,6.424445999968156684e+00
-5.458718446601939611e+00,4.776219789299744889e-01,4.981515610078117162e-01,9.715740000028745271e-01
-3.810913946587536572e+00,5.986883925937505069e-01,1.001035445907270116e+00,9.125920000005862676e-01
-2.169795379537954094e+00,1.357066255682171541e+00,2.031701645032147896e-01,9.290279999986523762e-01
-2.743222900763358840e+00,1.055120849236641067e+00,7.883969047423884657e-02,7.976740000012796372e-01
-3.910573781743308164e+00,-2.247843080590974374e-01,1.155293791651901270e+00,1.193200000125216320e-02
-3.011234513274336333e+00,5.580886308304671140e-01,2.480035044799802357e-01,9.563080000007175840e-01
-3.981660377358490877e+00,8.306995600437003802e-01,9.986830707014743291e-01,7.919440000041504391e-01
-3.167121518987341400e+00,1.713834151115751769e+00,9.981252264244079297e-01,1.114499999675899744e-02
-4.598069523809523496e+00,1.144714499859115442e+00,7.672575694736848391e+02,6.893399999535176903e-02
-5.471464025026068434e+00,1.082578228495059136e+00,1.435047055799998634e+04,1.480440000013913959e-01
-3.498410550458715296e+00,9.785735765254117702e-01,5.354850560792977499e-01,9.232180000035441481e-01
-4.731655339805825200e+00,1.438467882942989995e+00,6.702764955999998620e+02,9.222569999983534217e-01
-6.357403879064460916e+00,1.045184764468661598e+00,9.920971455437449515e-01,2.231400000164285302e-02
-4.423169147496616382e+00,9.565605462450612606e-01,1.112952204450627369e-01,7.540850000004866160e-01
-5.840746666666666087e+00,5.060256547619053080e-01,9.969481456976039269e-01,1.099726599999848986e+02
-5.713172890733056342e+00,1.077440461144552941e+00,2.404728818999996292e+03,5.421920000037061982e+01
-5.178733656174332900e+00,1.320085821260345682e+00,1.002107787700587949e+00,9.186919999992824160e-01
-5.410538647342994167e+00,1.325096588389015118e+00,9.966442737906421323e-01,1.383385499997530133e+01
-4.233553097345133409e+00,7.852737482924503354e-01,1.988141441565219880e-01,2.062960000039311126e-01
-2.457843835616438710e+00,1.304692164383561170e+00,9.991229591085474260e-01,3.735183999990113080e+00
-4.247541229385307204e+00,7.507147229956450118e-01,8.328093689340114458e-02,8.008100000006379560e-01
-5.771917101827677143e+00,6.337697801762773864e-01,4.534973611874997346e+02,1.115700000082142651e-02
-3.576388069705093375e+00,1.084148649581111012e+00,4.837305185999997775e+03,1.118100000167032704e-02
-4.160346814964611006e+00,1.093714991691491001e+00,4.078285936500000389e+03,6.151840000238735229e-01
-2.951532407407407632e+00,7.094395552094141522e-01,9.831948323186020522e-01,9.563080000007175840e-01
-3.075783505154639386e+00,7.489244156374392780e-01,1.147874380999997811e+03,9.524310000051627867e-01
-6.100287977632804726e+00,1.036538770087560124e+00,2.915578764000002593e+03,3.976800000236835331e-02
-5.928818681318682060e+00,1.349070088734794837e+00,3.329595132071933028e-01,8.174800000415416434e-02
-4.569029239766082107e+00,5.769707602339169128e-01,2.740551583200000550e+03,3.832407999987481162e+00
-2.845600000000000573e+00,5.816477477477470792e-01,9.983977365482243904e-01,9.539929999955347739e-01
-3.991937185929647747e+00,1.552367584388373523e+00,2.527003541999994923e+03,1.113500000064959750e-02
-6.164354138398913996e+00,1.189962581858321045e+00,5.343841819999992140e+02,1.531620000008842908e+00
-3.730466321243523620e+00,7.966054736282708326e-01,9.957825993219390215e-01,9.200579999960609712e-01
-4.187643572621035482e+00,1.033105127552275349e+00,1.010801416799997969e+04,1.113400000031106174e-02
-3.574775700934579525e+00,7.759708744078865905e-01,9.968373546431512633e-01,1.984950000041862950e-01
-2.720708463949843114e+00,1.654067933565684712e+00,9.992754880940311057e-01,1.296670199999061879e+01
-3.587440217391304031e+00,1.026509782608695964e+00,1.033499034745062772e+00,2.772323999997752253e+00
-4.155367875647668185e+00,7.575138724243108967e-01,3.598011476999996376e+03,9.200579999960609712e-01
-5.372690095846645697e+00,8.195257096244787931e-01,9.981074363779407488e-01,9.265620000005583279e-01
-3.209276470588235064e+00,1.096444505021520577e+00,5.001679070884517131e-01,6.566000000020721927e-02
-3.391364102564103256e+00,6.784522239665085053e-01,1.000090929675593099e+00,2.803194000014627818e+00
-2.084537953795379650e+00,1.510317467891367116e+00,3.121289735624995956e+02,1.602073200009908760e+01
-3.405434426229508649e+00,1.231997970022165045e+00,2.411681839999997010e+03,1.738079999995534308e-01
-2.497730337078651885e+00,7.103933742615549107e-01,5.544159255229101912e-01,9.736230000053183176e-01
-3.735296191819463818e+00,1.053971690368473713e+00,3.332110785894085159e-01,7.745600000052945688e-01
-3.042812682926829382e+00,1.048011693272786538e+00,4.966676100268946348e-01,5.579800000123213977e-02
-2.648803418803418630e+00,1.082069413566523419e+00,5.157009307305566309e-02,2.249999999912688509e-02
-4.771428211586902002e+00,1.374549620925414217e+00,1.421482741976530129e+00,9.186919999992824160e-01
-2.958363402061855663e+00,1.065317945088403828e+00,3.448805802707926582e-01,9.286220000067260116e-01
-4.118783382789317216e+00,5.968917669112814295e-01,3.588989443500002380e+03,7.693639999997685663e-01
-3.401270935960591490e+00,1.228474785310802009e+00,1.238165000123149367e-01,9.181600000010803342e-01
-5.901163682864451587e+00,2.345785166240409225e+00,9.996302110396325658e-01,8.322498000030464027e+00
-3.235904069767441271e+00,9.072400224515781986e-01,2.793279305999996723e+03,9.182300000029499643e-01
-6.333554545454545881e+00,6.217180626712730529e-01,2.894018207999996775e+03,1.343520000009448268e-01
-5.163976905311778332e+00,5.626013259807391975e-01,1.031733392905254121e+00,9.259720000045490451e-01
-3.746076402321083521e+00,9.255603089599864219e-01,1.001710562770563584e+00,4.052099999535130337e-02
-4.379893877551020331e+00,7.653447588126160994e-01,1.000166799527647088e+00,5.571800000325310975e-02
-3.248455621301775231e+00,9.256325142914461068e-01,4.992456310991951196e-01,9.182290000026114285e-01
-4.984355685131195202e+00,7.491012881625733755e-01,9.994610824388147075e-01,1.369096500005980488e+01
-3.862594527363184760e+00,1.561192652123994939e+00,1.263501770999997461e+03,1.113500000064959750e-02
-4.894397766922540249e+00,1.241563197486185821e+00,2.396707314999999653e+03,1.115800000115996227e-02
-5.092780542986425019e+00,6.125131789866697929e-01,1.000522986024512617e+00,9.259259999962523580e-01
-2.828727011494252874e+00,1.001401053900842886e+00,4.367833265270644749e-01,9.321990000025834888e-01
-4.654506512301013643e+00,7.728666655415521447e-01,9.955587915395290866e-01,7.654969999930472113e-01
-3.776485029940119809e+00,6.685240335039885906e-01,1.017148726676862402e+00,9.145720000014989637e-01
-5.095535502958579599e+00,7.126311637080871009e-01,4.980731488178023469e-01,9.137619999964954332e-01
-3.916752831445703187e+00,7.423227625067809754e-01,3.364032343812835973e-02,1.115700000082142651e-02
-3.983125984251969065e+00,1.233627296587925137e+00,2.408608993499994540e+03,2.786216999986208975e+00
-6.374719745222931166e+00,1.063438750411721756e+00,2.046618312857146975e+03,1.148100000136764720e-02
-4.302561269841270075e+00,1.109274827097505245e+00,1.451191555799999151e+04,1.115700000082142651e-02
-4.841198992443325189e+00,5.863204880761552218e-01,2.056006558285712345e+03,3.861324600003717933e+01
-4.774220270270269850e+00,6.352517297297302079e-01,3.334366593702178250e-01,1.508170000000973232e+00
-3.105955696202531424e+00,1.600511388436966609e+00,9.989668483111545649e-01,9.195830000026035123e-01
-3.059386111111110917e+00,1.134029370721432617e+00,7.555394235588963614e-01,2.313189999986207113e-01
-4.407045368620038595e+00,1.172558404964866519e+00,1.121376447692308602e+03,4.144699999596923590e-02
-2.571771929824561376e+00,1.317111261058629079e+00,1.117097623333330148e+03,9.332639999993261881e-01
-6.271998048145739801e+00,9.872830789840119081e-01,1.451191555799999151e+04,1.115700000082142651e-02
-3.510237804878048706e+00,9.928914258911820667e-01,9.993426152163101817e-01,5.557157999995979480e+00
-2.606390322580645069e+00,1.583986624459853054e+00,1.674731665999999450e+03,7.509168000018689781e+00
-3.645996164908916537e+00,8.289845858129303302e-01,3.238452475841389067e-01,5.797400000301422551e-02
-3.716463687150838524e+00,9.103110381238863624e-01,4.992071309656333500e-01,9.367940000011003576e-01
-3.082590238365493285e+00,8.462516971183782211e-01,4.100134445142853110e+02,1.611799999955110252e-01
-6.453068743286789477e+00,1.572265672297626260e+00,2.057764860857143049e+03,3.531199999997625127e-02
-2.993621082621083396e+00,1.076353565266240153e+00,9.979173977554890440e-01,9.250000000029103830e-01
-4.181850775193798775e+00,8.935217347663604315e-01,3.627978889499997877e+02,1.115800000115996227e-02
-4.337051181102361319e+00,7.920364683000284955e-01,9.949093879142297814e-01,9.329160000052070245e-01
-3.429805405405405239e+00,5.939227997228000433e-01,9.980397335755833987e-01,9.386460000023362227e-01
-3.862465306122449427e+00,6.148975971033570076e-01,1.148374160999999731e+03,4.691549999988637865e+00
-4.756055299539170278e+00,7.940971827303338060e-01,9.871528828915651088e-01,8.059150000044610351e-01
-2.720597249508840854e+00,5.482449595641378792e-01,1.886730886589305656e-01,8.528360000054817647e-01
-5.753700598802394595e+00,7.214952053934098331e-01,9.979613551982848829e-01,5.476386000023921952e+00
-2.920801282051281866e+00,1.212851285924548606e+00,6.506604071999987582e+02,9.195830000026035123e-01
-4.025363057324840454e+00,9.385752142800978248e-01,4.963040359617639230e-01,9.276039999967906624e-01
-3.367255555555555446e+00,8.518129375951293270e-01,1.117763819333335732e+03,6.446971999954257626e+00
-3.634028753993610472e+00,5.425553495184045616e-01,8.434350367058813163e+02,8.083100000003469177e-01
-4.596120527306966963e+00,1.339292126139680406e+00,1.600483780666666689e+03,5.169000000023515895e-02
-3.850973112719751956e+00,1.158432887280248291e+00,4.966419988925414586e-01,1.534140000003390014e-01
-3.648904494382021912e+00,1.428446080330621815e+00,1.611640710459824932e+00,9.575460000050952658e-01
-6.485273092369477688e+00,3.568644202695514522e-01,1.005005291547026225e+00,3.068280000006780028e-01
-3.458813502673796947e+00,9.959069040073940116e-01,4.986906606325426372e-01,1.116899999760789797e-02
-2.673529274004684542e+00,1.017735227155408317e+00,8.729445330353802213e-02,9.293289999986882322e-01
-2.700980676328502916e+00,9.995148191669929183e-01,2.526179053679828979e-01,9.580090000017662533e-01
-3.682912835249042338e+00,7.280957854406127083e-01,9.861922486808287758e-01,9.601999999722465873e-02
-5.280436655405405411e+00,1.400151063892840497e+00,4.983490690726213312e-01,1.113500000064959750e-02
-1.925557575757575579e+00,9.899063131313134978e-01,5.016877057141410079e-01,9.310990000012679957e-01
-4.267008196721310931e+00,7.611323114999146711e-01,5.021024685103571139e-01,1.984950000041862950e-01
-3.967180080482897608e+00,1.081220379816297594e+00,6.490786781723144327e-02,2.231920000049285591e-01
-3.271230661040787968e+00,9.216401998863639200e-01,2.894018207999996775e+03,3.916200000094249845e-01
-4.565748031496063675e+00,7.348229513432498194e-01,1.003113142520286605e+00,1.984950000041862950e-01
-2.765856060606060485e+00,9.113048982980491708e-01,1.752205637117028925e+00,9.398730000029900111e-01
-2.322676543209876598e+00,1.099304318034142192e+00,1.022655256790124118e-01,9.300919999950565398e-01
-4.977640576725026023e+00,6.313253209680533828e-01,3.337318734418601593e+02,1.400579999972251244e-01
-2.887856741573034292e+00,7.796556551211808461e-01,4.189116087499987202e+02,9.241079999992507510e-01
-3.956155642023346353e+00,7.974819548758782517e-01,5.103696975850218615e-02,3.976800000236835331e-02
-4.659972099853157523e+00,9.493448644325566121e-01,9.972877925668640620e-01,7.736339999974006787e-01
-4.228142125480153446e+00,8.519842949743923199e-01,1.451191555799999151e+03,1.116899999760789797e-02
-3.258611111111111125e+00,8.072309941520461329e-01,1.031556793279765127e+00,1.071723999993992038e+00
-6.821970223325061866e+00,1.034563781712721564e+00,2.056006558285712345e+03,5.883923200005665421e+01
-4.888773491592482756e+00,1.264233515414524334e+00,6.603838180437626715e-02,1.534140000003390014e-01
-3.533845643153526783e+00,1.308923587615705042e+00,4.983490690726213312e-01,1.113500000064959750e-02
-3.120999999999999552e+00,1.160363867684479189e+00,2.787814121666669962e+02,9.316440000038710423e-01
-3.987525123152710016e+00,1.114120361797121816e+00,1.000309097703549588e+00,6.687499999679857865e-02
-3.148015776699028656e+00,6.401419558949332789e-01,4.908974277815239540e-01,1.113400000031106174e-02
-3.879637305699481953e+00,1.066937053274876757e+00,2.439329814915251688e+02,2.760173999988182914e+00
-4.687208436724565885e+00,1.545976748460620165e+00,4.982599896501753167e-01,9.237499999944702722e-01
-1.577925925925925954e+00,1.014049074074074186e+00,4.990596891240077215e-01,1.458715499993559206e+01
-4.208843950905903242e+00,5.538409050107127030e-01,4.986648985546955348e-01,1.115799999388400465e-02
-4.739253716551041329e+00,1.156464025384441818e+00,6.524097707320837547e-02,1.537150000003748573e-01
-6.224174515235456617e+00,8.481577323215470088e-01,1.000413593851886995e+00,1.864238000009208918e+00
-3.781625287356321863e+00,9.891916462821228606e-01,1.396029722400002356e+03,9.213190000009490177e-01
-4.225233840304182031e+00,8.198109804129494194e-01,3.831347425687931518e-01,4.144699999596923590e-02
-6.633659836065572968e+00,7.519336598693859841e-01,1.378048993199999813e+03,2.238998400012496859e+01
-4.790407407407407447e+00,-1.660313510693791628e-01,9.970265117388130705e-01,3.488240000006044284e+00
