-4.774193661971831482e+00,4.445051547733669395e-02,5.045454493393438655e-01,1.256829999983892776e-01
-5.169023376623376187e+00,-4.971660371500963294e-02,5.069912438221771955e-01,1.156130000017583370e-01
-5.213474576271186933e+00,-1.053761306753324689e-01,2.919149234837037921e-01,1.283219999968423508e-01
-5.017331932773108960e+00,3.997407015514831130e-02,5.611804983511945455e-01,1.029170000037993304e-01
-4.688577964519141439e+00,-4.335390574962794119e-02,3.123093996786040494e-01,2.597920000043814071e-01
-5.374171526586621006e+00,-4.580054457430362547e-01,5.108372680028758772e-01,1.096990000005462207e-01
-4.650247431506849161e+00,1.180529940250654164e-01,5.993040754952310145e-01,1.075570000029983930e-01
-4.747515037593984744e+00,5.197214189319510069e-02,5.256983622077668894e-01,2.061810000013792887e-01
-4.179537213740458057e+00,-3.672203222230585595e-02,3.034167894580327429e-01,2.089699999996810220e-01
-4.489954545454545531e+00,1.118858614968054610e-02,5.732980122246809085e-01,2.597920000043814071e-01
-4.810214000000000212e+00,1.166963448275861737e-01,4.965488621224561916e-01,7.748260000007576309e-01
-5.216242346938774865e+00,-1.629305868254782297e-02,4.068459167933028975e-01,2.312260000035166740e-01
-4.997464119291706197e+00,2.044005528134817951e-02,5.394209932593176937e-01,2.434840000059921294e-01
-4.707138490926457308e+00,1.145101577221927514e-01,3.407793954702013073e-01,2.061810000013792887e-01
-5.313898698884758076e+00,1.445762081784387476e-01,5.811385006062343983e-01,2.039699999950244091e-01
-4.814424618320610527e+00,3.317461096647988938e-02,6.942392915160532363e-01,2.434840000059921294e-01
-5.108607407407407486e+00,-4.150842263583331970e-02,5.593225146815549165e-01,1.241210000007413328e-01
-5.949092007434944485e+00,-2.810946621282983671e-02,3.371130578614792150e-01,2.039699999950244091e-01
-4.487486059479553369e+00,1.532773333775896418e-01,6.034097184606802555e-01,1.257170000026235357e-01
-5.868415517241379220e+00,-5.054155172413796748e-01,5.942055236778924776e-01,1.231140000018058345e-01
-4.822514986376021717e+00,-6.189410725514221667e-02,5.710850175831089226e-01,1.155670000007376075e-01
-6.102777307366638482e+00,-2.722964992858303290e-01,5.402475749999992027e-01,1.067010000042500906e-01
-4.897642377756471710e+00,7.446189235276357010e-02,5.898040475570042185e-01,2.183099999965634197e-01
-5.078911111111111154e+00,-1.199430090377457958e-01,5.357213579234073597e-01,3.400120000005699694e-01
-4.663084666039511106e+00,-3.968205653345346917e-02,4.777174067246068856e-01,2.597920000043814071e-01
-4.915186046511627715e+00,-9.785081923890093236e-02,2.959471545629236422e-01,2.183099999965634197e-01
-5.681075278015397245e+00,3.534832417780622293e-01,5.610070625321924576e-01,1.142130000007455237e-01
-5.053625693160812560e+00,8.824919184378732240e-02,7.693516819000660867e-01,1.256829999983892776e-01
-4.857332358674463890e+00,6.495112012303572158e-03,5.393140713577797563e-01,2.035539999997126870e-01
-4.864129432624112681e+00,7.995478723404403354e-02,6.752536442093070024e-01,1.096990000005462207e-01
-4.608601307189542418e+00,2.825983089332986253e-01,6.320674051417064510e-01,2.597920000043814071e-01
-5.588289497716894871e+00,-3.121628951527926077e-01,3.396026073932307265e-01,2.061810000013792887e-01
-4.497175700934579190e+00,-5.302544592395541656e-03,2.939647232326141335e-01,2.434840000059921294e-01
-4.991164716471647722e+00,-6.711764442127510222e-03,3.168927079954993453e-01,1.042709999965154566e-01
-5.458739981360671401e+00,-8.663461550701345715e-02,6.609861907846786844e-01,2.183099999965634197e-01
-4.705938202247191171e+00,2.028270068782838109e-01,5.722461069826133562e-01,2.408450000002630986e-01
-4.151766523605150638e+00,2.849890701986357300e-01,5.846562111481032886e-01,1.176500000001396984e-01
-5.025010152284264286e+00,6.054620609723837532e-02,5.983842454032662905e-01,1.060540000034961849e-01
-4.859469548133595218e+00,6.306775025350130903e-02,4.347495793086539884e-01,3.643640000009327196e-01
-4.355932367149757845e+00,1.301650291858251762e-01,5.749105509887970644e-01,2.089699999996810220e-01
-4.109658604651162506e+00,-2.333842746400804913e-03,3.314230608239888687e-01,2.061810000013792887e-01
-5.087604263206672250e+00,6.502436348578388703e-02,6.145086554242261689e-01,2.089699999996810220e-01
-5.156119634703196120e+00,6.867317513597104295e-02,5.866617651920793541e-01,2.061810000013792887e-01
-5.231645104895105369e+00,1.473400089402714386e-01,5.506635657273821760e-01,1.096990000005462207e-01
-4.870523234200743623e+00,5.898159640422839800e-03,5.466460266541652846e-01,2.408450000002630986e-01
-4.598728172817281745e+00,7.602937435252954401e-02,5.514875880863124857e-01,1.051510000033886172e-01
-4.580441458733204740e+00,7.168862256760899498e-02,5.798981812173539252e-01,1.945720000003348105e-01
-5.011867459643161382e+00,9.585576229342773757e-02,5.497536459938754394e-01,1.096990000005462207e-01
-4.577799698795180561e+00,2.229883806750185826e-01,5.223477353590266770e-01,1.496760000009089708e-01
-4.965732654949121638e+00,1.697384988970327413e-01,6.104643235360104336e-01,2.597920000043814071e-01
-4.449090727816550128e+00,8.793259875545800242e-02,4.942857731840184510e-01,1.230910000012954697e-01
-5.581984196663739795e+00,-4.097414693910117478e-01,5.652303999584664673e-01,1.177779999998165295e-01
-4.902346422338569099e+00,3.706694617506389733e-02,6.357068017432583318e-01,1.096640000032493845e-01
-4.896784520668425955e+00,-3.453913808267472518e-02,6.112806506024086595e-01,1.162610000028507784e-01
-4.730954230235783875e+00,4.205140356703296334e-02,4.604187944622541440e-01,1.257170000026235357e-01
-5.023554514480409239e+00,1.114281844815288025e-01,8.848646249386618035e-01,1.177779999998165295e-01
-5.515322761194028978e+00,-3.772429582383640678e-01,3.848183109946166636e-01,2.089699999996810220e-01
-4.709909560723514410e+00,9.441140562678818071e-02,6.312795495168137538e-01,1.096990000005462207e-01
-5.017460141271443241e+00,-5.258723959278643889e-02,5.419998984063743031e-01,6.513310000009369105e-01
-4.439263736263735716e+00,5.473036396227897171e-01,6.811376555347081752e-01,1.176500000001396984e-01
-4.926429383886255842e+00,-7.982065878592514707e-03,5.712449065714882979e-01,2.035539999997126870e-01
-5.346923340961097892e+00,-6.547102488480316396e-02,5.476042633537864246e-01,1.273030000011203811e-01
-4.705818949343339774e+00,5.420866970427962173e-02,6.315539069209636924e-01,2.597920000043814071e-01
-5.312109448082320107e+00,3.576284159953493358e-01,6.365124633437985180e-01,2.061810000013792887e-01
-5.464865048543688708e+00,2.528178782855796669e-01,5.153267760977301437e-01,2.408450000002630986e-01
-6.594927226027397005e+00,-3.462511126670717587e-01,4.168781607147408197e-01,1.067010000042500906e-01
-5.087973839662446984e+00,4.385238984574968413e-02,3.744890926762172167e-01,1.075570000029983930e-01
-4.507869523809524104e+00,2.517795989974933590e-01,6.362056484801243972e-01,3.643640000009327196e-01
-4.445513489991297362e+00,8.944549779229760134e-02,5.525633047419324928e-01,1.164690000005066395e-01
-5.343226120857699435e+00,9.808673902713760384e-02,4.592263337927928735e-01,2.039699999950244091e-01
-5.838613549618321130e+00,-5.354637798433259377e-03,5.097442288725645421e-01,2.434840000059921294e-01
-4.666599065420561132e+00,6.923442925514056157e-02,4.652465712901476813e-01,2.434840000059921294e-01
-4.668016806722689260e+00,5.862272816103253348e-02,5.502388668306984476e-01,2.408450000002630986e-01
-4.886345470692717186e+00,-5.697070089529532311e-02,3.535553728358720726e-01,1.155670000007376075e-01
-4.662582600195503524e+00,2.863297659193948519e-01,5.474526136820923039e-01,2.035539999997126870e-01
-4.730695390781563425e+00,4.772033955551524542e-02,5.933608184615374315e-01,8.561110000009648502e-01
-4.624973581213307483e+00,-1.394100163378162449e-01,4.913613089058828098e-01,3.400120000005699694e-01
-4.792527289546716140e+00,5.034722782780143291e-02,5.657656005685360867e-01,2.183099999965634197e-01
-4.482259365994236688e+00,1.854432691149732193e-02,3.181202273470200570e-01,3.643640000009327196e-01
-4.924535447761194007e+00,-3.642556779812800016e-02,3.163337713876023249e-01,2.089699999996810220e-01
-4.577807116104868790e+00,1.946648465119533711e-01,6.083486841811064361e-01,2.434840000059921294e-01
-5.182048216007713926e+00,-7.777053287313062668e-02,4.779615418663151205e-01,2.434840000059921294e-01
-4.907382960413080752e+00,-2.950192593032152644e-02,3.725607835291426806e-01,1.176500000001396984e-01
-4.844550983899821084e+00,3.152801817918149396e-02,6.006281863235285456e-01,1.067010000042500906e-01
-4.835906976744185570e+00,1.220433716878694952e-01,6.023777393163959326e-01,1.075570000029983930e-01
-4.770128432240920979e+00,5.295399726016292163e-02,5.642539455481453414e-01,1.067010000042500906e-01
-4.528033707865168012e+00,1.012905145665001783e-01,5.101892912057001128e-01,2.089699999996810220e-01
-4.728712665406427540e+00,-1.770409397785677186e-02,5.372021764454240067e-01,2.061810000013792887e-01
-4.096484607745779272e+00,2.559582075034878557e-01,5.928326174364930701e-01,2.183099999965634197e-01
-5.027714153561516852e+00,1.530747869020476770e-02,3.885803327620678260e-01,2.408450000002630986e-01
-4.900760306807287137e+00,-5.060720603209301061e-02,3.182640648029008146e-01,2.183099999965634197e-01
-5.067178642714570636e+00,5.961923323165585487e-03,3.749232352900408460e-01,1.231140000018058345e-01
-4.928131205673759396e+00,1.319960949397378513e-01,6.011365002759677667e-01,1.096990000005462207e-01
-5.755514817950889039e+00,-2.165689176972964702e-01,3.668324353459913589e-01,1.164690000005066395e-01
-5.037254789272029853e+00,4.294820573629021254e-02,4.757405490310357421e-01,1.945720000003348105e-01
-4.786579661016949316e+00,7.347760770551747811e-02,5.904046354667331631e-01,1.096640000032493845e-01
-4.783517180616740028e+00,5.628960789500947470e-02,4.839184439573452345e-01,1.156130000017583370e-01
-4.545785903083700674e+00,1.028333998653616632e-01,6.334659429236128014e-01,1.060540000034961849e-01
-4.922343642611683556e+00,4.859693709846091281e-02,3.196330933635931904e-01,1.071179999999003485e-01
-4.843153846153845699e+00,-1.939135434102325917e-01,2.790692294234730086e-01,1.354739999951561913e-01
-4.860882046834345438e+00,6.345540899604262819e-02,6.558181794388011632e-01,1.176500000001396984e-01
-4.630112796208530668e+00,6.248497481477155446e-02,5.604335179173266512e-01,2.039699999950244091e-01
-4.448119999999999408e+00,1.746077882797729686e-01,5.376267722707060992e-01,3.643640000009327196e-01
-4.577685634328358510e+00,-4.498192903803932552e-03,3.417303310955271400e-01,1.285769999958574772e-01
-4.792044642857143266e+00,1.675565388267559186e-01,5.620080128927718022e-01,5.901509999966947362e-01
-4.996765037593984715e+00,-3.051410126439701997e-02,4.856731397196675792e-01,2.408450000002630986e-01
-4.421873062015503564e+00,7.599758475066487051e-02,5.901397874417088074e-01,2.039699999950244091e-01
-4.968385933273218313e+00,-1.851847440667331313e-02,5.120862197285513950e-01,1.096990000005462207e-01
-4.768021946564885205e+00,6.968453116790840340e-02,6.206530410979733681e-01,2.089699999996810220e-01
-4.474662811387900341e+00,-7.612687527432449031e-02,2.873657296793371563e-01,1.241210000007413328e-01
-5.178926192619262459e+00,4.295580435501822336e-02,6.300618034722210714e-01,1.042709999965154566e-01
-4.845275829383886013e+00,8.789982117373451587e-02,5.451108759143589166e-01,3.400120000005699694e-01
-4.436967903711133587e+00,2.116365236228414659e-01,5.855785616792247295e-01,1.943979999996372499e-01
-3.451756062767475264e+00,8.057916710801613647e-01,4.652553878768750928e-01,7.503469999937806278e-01
-5.506741903827281348e+00,4.549848750038165690e-03,8.060950493778389347e-01,1.937039999975240789e-01
-4.474952426260704996e+00,2.130018647840721258e-01,5.080142193869610079e-01,2.061810000013792887e-01
-4.652425669436749622e+00,6.067967902354176601e-02,5.243812456636256503e-01,2.089699999996810220e-01
-4.747033304867634307e+00,5.335605324047421050e-02,5.050728580968272263e-01,1.075570000029983930e-01
-5.046333631484793969e+00,7.060018537830714536e-02,7.447654371184938560e-01,1.256829999983892776e-01
-5.306230769230769084e+00,-2.309648732770117618e-01,7.054518297520656622e-01,1.945720000003348105e-01
-4.480112195121950691e+00,2.029979977155154103e-01,5.937811356740037017e-01,1.945720000003348105e-01
-6.055812973883740291e+00,-3.688490460280284822e-01,1.740574163434903010e+00,1.071179999999003485e-01
-4.843521331058020074e+00,-1.641095663521374703e-01,4.201586579739217120e-01,1.051510000033886172e-01
-4.744256769374416649e+00,6.841705875058323727e-02,5.387445363342351357e-01,2.183099999965634197e-01
-4.716168520102652195e+00,2.255204228750695705e-02,5.604277416898219011e-01,1.096990000005462207e-01
-4.883747877758914058e+00,5.117620983232651355e-02,6.184754532651901560e-01,1.042709999965154566e-01
-4.373006776379477323e+00,2.750334380977346171e-01,5.916797847124058984e-01,4.362849999961326830e-01
-4.797208178438661541e+00,-7.129231070241104362e-03,3.770346950259041985e-01,1.230910000012954697e-01
-4.801511542012927514e+00,3.732880215533196377e-02,5.365032373333341598e-01,2.089699999996810220e-01
-4.619801762114537524e+00,5.409405266729638839e-02,6.467549128266032454e-01,1.051510000033886172e-01
-5.460272286821705734e+00,-1.006670764008639196e-01,5.579009186579947377e-01,2.061810000013792887e-01
-5.000927346115036087e+00,-1.719970792408087590e-02,5.764286903711024479e-01,7.965740000072401017e-01
-5.482118773946360157e+00,-3.271970929530461092e-01,5.368312048668198999e-01,2.434840000059921294e-01
-4.991353658536585414e+00,7.119053212875758874e-02,6.289261833031548621e-01,6.420369999977992848e-01
-4.516645635263612846e+00,1.212065463926652598e-01,4.972481104245921046e-01,1.042709999965154566e-01
-5.030888888888889632e+00,4.249976657329401775e-02,3.857431757283615870e-01,2.434840000059921294e-01
-4.765460812086874220e+00,1.244594105476348744e-01,6.339123912992811194e-01,2.408450000002630986e-01
-4.570261861313868579e+00,1.086139416839895233e-01,6.174958108629087228e-01,1.162610000028507784e-01
-4.883343283582090244e+00,6.257907666635720290e-02,4.509893315733895514e-01,1.257170000026235357e-01
-4.560814326107446526e+00,1.333347966995708234e-01,5.548826435724507622e-01,2.234729999981936999e-01
-4.532426046511628392e+00,8.612163998506705553e-02,6.711769493894664818e-01,2.061810000013792887e-01
-5.609545540796963436e+00,2.274976387908678177e-01,5.895341731026259025e-01,2.408450000002630986e-01
-4.961742565055762277e+00,-1.408900700332882394e-02,5.571718650782750970e-01,1.177779999998165295e-01
-4.847652936021034975e+00,1.364172709996669397e-01,6.921028031349278908e-01,1.075570000029983930e-01
-4.840315115286080605e+00,1.920822646265829547e-01,5.800677850447378825e-01,1.060540000034961849e-01
-5.649287337662337372e+00,-3.267700962830266675e-01,7.318161438445887068e-01,2.597920000043814071e-01
-3.832064516129031873e+00,1.347317981289699595e-01,3.545914754881728803e-01,2.183099999965634197e-01
-4.392575095057034140e+00,-2.711272946563614283e-02,5.480775176257299819e-01,2.408450000002630986e-01
-4.954276056338028589e+00,3.357184010210101377e-02,5.123194479745838414e-01,1.811805999997886829e+00
-4.454986394557822749e+00,2.447868847944043580e-01,6.420226687404012589e-01,8.324179999981424771e-01
-5.394065913370997833e+00,-1.928086519602096871e-01,7.000718305593681690e-01,2.434840000059921294e-01
-4.282219397363465241e+00,9.609429414433456884e-02,4.873727292811079748e-01,2.408450000002630986e-01
-4.414476562499999979e+00,4.123578041961915019e-01,5.448056380431511858e-01,1.060540000034961849e-01
-5.422929203539823995e+00,2.283085586979387571e-01,5.168146878618201656e-01,1.071179999999003485e-01
-4.929290376569038123e+00,-9.689322087491625268e-03,5.518540287798937571e-01,1.051510000033886172e-01
-4.730622731614134935e+00,1.219871474181228876e-01,5.806829330815288515e-01,2.061810000013792887e-01
-4.692019503546099202e+00,1.528913842921042487e-02,5.596617679421731495e-01,1.075570000029983930e-01
-4.820493930905695557e+00,-1.874017150719886615e-02,3.371200194114608584e-01,2.434840000059921294e-01
-4.920552053486150434e+00,5.298296596910212486e-02,5.846029342882719249e-01,4.362849999961326830e-01
-4.766185253456220572e+00,1.500034429886287768e-01,5.674372778993426181e-01,1.096990000005462207e-01
-4.337273504273504443e+00,1.488226495726490128e-01,5.651930805982547934e-01,2.408450000002630986e-01
-4.645709767441860372e+00,3.603676354796458980e-02,4.817776874723326830e-01,2.183099999965634197e-01
-5.570740549828177457e+00,3.045836308626999056e-01,5.404084108365576622e-01,1.042709999965154566e-01
-4.170876611418047553e+00,2.179615823731095858e-01,4.284224364256657425e-01,2.183099999965634197e-01
-4.850130036630036834e+00,-8.583067942158884023e-02,3.510558623890662200e-01,1.029170000037993304e-01
-4.856781549173192936e+00,-6.595004734169140903e-02,6.105377667506863837e-01,1.176500000001396984e-01
-4.573582904222451617e+00,-2.553349498507184734e-02,2.935524156656835193e-01,2.089699999996810220e-01
-5.987133105802048050e+00,-2.889985676494370992e-01,5.793704045676989489e-01,1.064580000020214356e-01
-4.611539062500000341e+00,1.004731966943959165e-01,4.841494985023278574e-01,1.945720000003348105e-01
-4.622584817244610456e+00,1.104056042113281677e-01,5.394744701100423478e-01,2.089699999996810220e-01
-4.670775797373359239e+00,6.602901298741770120e-02,4.686120199787580098e-01,2.183099999965634197e-01
-4.702650553877139927e+00,8.626199756318886358e-02,6.165509834579647741e-01,3.643640000009327196e-01
-4.217668560606060879e+00,1.156718855627065778e-01,5.144269218764864204e-01,2.061810000013792887e-01
-4.429770229770229939e+00,1.356690594696523533e-01,5.808588130225935675e-01,3.643640000009327196e-01
-5.273875322441960556e+00,-1.853422789636995915e-01,5.328624253237221886e-01,1.176500000001396984e-01
-5.323585568917668986e+00,-6.643802793406194951e-02,5.565986000681892865e-01,2.061810000013792887e-01
-4.521998127340824070e+00,1.979951354118227869e-01,6.012462043311723736e-01,2.576390000031096861e-01
-4.646376155268022501e+00,1.857646630002935950e-01,6.469973422637916860e-01,2.035539999997126870e-01
-4.816490384615384812e+00,6.638972437644063973e-02,6.130561186981482447e-01,1.155670000007376075e-01
-4.710798634812286778e+00,-1.006416530256428743e-01,5.036851887775550818e-01,1.155670000007376075e-01
-5.370734867860186945e+00,-3.058998163137953696e-01,5.692344633449476499e-01,1.042709999965154566e-01
-4.778865107913668808e+00,5.316530353534698605e-02,5.857617435160574759e-01,1.156130000017583370e-01
-5.007620967741935658e+00,-4.907567954431435453e-02,5.534036481826495324e-01,1.067010000042500906e-01
-4.935284921369103017e+00,1.848568834191111065e-01,8.507497493355563600e-01,2.434840000059921294e-01
-4.965055160142348711e+00,-5.720851477493660298e-02,3.193550067100886514e-01,1.237390000023879111e-01
-5.124616045845272083e+00,-5.564038212845723308e-02,5.219971215879297688e-01,1.075570000029983930e-01
-4.820977591036414545e+00,1.993354441681525202e-01,6.090295444879683107e-01,2.089699999996810220e-01
-4.907925738396624382e+00,1.076515541797951059e-01,8.058118327907664025e-01,1.075570000029983930e-01
-4.631194915254236655e+00,2.131473386857063446e-02,4.374857161449267062e-01,1.071179999999003485e-01
-4.795460050462573065e+00,5.371952700221527266e-02,5.396049892615228938e-01,1.064580000020214356e-01
-4.991223376623375785e+00,1.302247108083181004e-01,6.855943719318996488e-01,1.213889999999082647e-01
-4.842079861111111327e+00,9.502157515459863646e-02,5.551243055848251728e-01,1.071179999999003485e-01
-5.648524619516562595e+00,-2.482846880684048685e-01,4.583774051794281545e-01,1.029170000037993304e-01
-5.026269016697588299e+00,2.286612912440650902e-01,5.591340528136449217e-01,2.408450000002630986e-01
-4.955364106988783490e+00,7.607815135167861342e-02,6.969994721617809308e-01,1.075570000029983930e-01
-5.196934020618556360e+00,2.482024623210756786e-01,6.643774755754733308e-01,1.330099999977392145e-01
-5.166334208223972269e+00,-5.225138346372837361e-02,5.181752441639176920e-01,1.256829999983892776e-01
-4.612668063704945531e+00,-1.045998012935971389e-01,5.324629782282770396e-01,1.071179999999003485e-01
-4.697165946413137227e+00,1.193923726263141916e-01,6.426230575346771889e-01,1.029170000037993304e-01
-4.417127272727272569e+00,-6.139160703242385608e-02,2.790382065509283693e-01,2.434840000059921294e-01
-5.554965517241378770e+00,-3.206732095490716361e-01,5.040581622905803139e-01,1.071179999999003485e-01
-4.929204198473282617e+00,1.721136823214193257e-01,6.256146805030480262e-01,2.597920000043814071e-01
-6.137866184448462548e+00,-3.157338315072868440e-01,5.627074938173793894e-01,1.096990000005462207e-01
-4.727415697674418382e+00,2.043887100390797684e-01,5.111204044472280605e-01,2.061810000013792887e-01
-4.473386342376052482e+00,2.369058144866924565e-01,5.608388396846250012e-01,2.089699999996810220e-01
-5.124766105054509246e+00,8.514911985898621083e-02,5.854205314494725920e-01,2.408450000002630986e-01
-5.115013736263736455e+00,-3.013953650516150162e-01,4.728057501158478004e-01,2.061810000013792887e-01
-4.344267924528302238e+00,1.424680360628309828e-01,5.097273219471069039e-01,2.408450000002630986e-01
-4.670744888023368624e+00,5.848822008473941736e-02,5.709052960307743341e-01,2.408450000002630986e-01
-3.944488475177304831e+00,2.554238421504613221e-01,4.738667217194569292e-01,1.096990000005462207e-01
-4.741986891385766789e+00,-7.184435744911610300e-02,2.937637108615848147e-01,3.643640000009327196e-01
-4.664035053554040466e+00,-1.154857114487768399e-01,3.474654575217390402e+02,1.364699999976437539e-01
-5.273108576642335343e+00,-2.777002590619952471e-01,4.525681121091148507e-01,2.061810000013792887e-01
-4.836596460176991741e+00,1.394936467025864602e-02,4.863803357646848680e-01,1.096990000005462207e-01
-7.484574344023323889e+00,-4.979702384514759217e-01,7.346883439318093734e-01,2.061810000013792887e-01
-4.716866019417475187e+00,1.264994514345421095e-01,3.418993499873511088e-01,2.408450000002630986e-01
-4.560659758203799541e+00,1.921685679764584265e-01,6.845676784349933319e-01,1.042709999965154566e-01
-4.744610490111780265e+00,-6.768462804281405454e-02,3.112181709909699334e-01,1.162610000028507784e-01
-5.268452901998097460e+00,5.783688189188307405e-02,5.382197523646300441e-01,1.256829999983892776e-01
-4.544862602365786763e+00,5.835542891296263690e-02,5.121664890588744079e-01,1.071179999999003485e-01
-4.367584037558684962e+00,1.049266007391871369e-01,5.437510222163005613e-01,2.061810000013792887e-01
-4.985567406143344371e+00,6.095210816714935476e-02,5.835257573311419810e-01,1.155670000007376075e-01
-6.625013108614232316e+00,-4.217069288389518888e-01,6.854831687609896917e-01,1.330099999977392145e-01
-5.258441350210970811e+00,-4.093214775698328367e-02,3.538569379801225212e-01,1.156130000017583370e-01
-4.362778195488721700e+00,2.599659516684686977e-01,6.449925458739307338e-01,2.061810000013792887e-01
-5.177285586392121886e+00,3.775472161556496786e-01,5.331754543911751965e-01,1.155670000007376075e-01
-4.605442669172933101e+00,6.337721825670961096e-02,3.837032139331545411e-01,2.089699999996810220e-01
-5.202139066788655342e+00,-4.306342103219762407e-02,2.901674060267931399e-01,1.075570000029983930e-01
-3.818369102682700689e+00,4.013653470780655930e-01,6.811376555347081752e-01,1.176500000001396984e-01
-5.546943778801842306e+00,3.280880008591751107e-01,6.436375814008515883e-01,2.061810000013792887e-01
-4.788267182962245627e+00,8.754483254162970240e-02,4.394712073653321283e-01,2.061810000013792887e-01
-5.215769855595667970e+00,-9.227498141113876784e-02,3.440030742301042888e-01,1.176500000001396984e-01
-5.507077127659574245e+00,2.525003371291578702e-01,5.917745387542113766e-01,1.075570000029983930e-01
-4.025028328611898409e+00,2.745710828130487613e-02,6.410774372668365251e-01,2.089699999996810220e-01
-4.761461471861472283e+00,1.402087503607498675e-01,5.888087172204993225e-01,1.051510000033886172e-01
-5.232411048689138866e+00,2.940174978268572659e-02,7.774567549290405388e-01,2.597920000043814071e-01
-5.046513761467889658e+00,1.090501798319012394e-01,5.499864983978133282e-01,8.707750000030500814e-01
-4.671892337536372786e+00,8.656043753665532137e-02,6.337761379068963530e-01,6.143870000014430843e-01
-5.133808612440192043e+00,-4.284711866578305717e-03,5.445690292476289551e-01,5.970020000022486784e-01
-4.769303313508920006e+00,-2.852839779376559193e-03,3.307961426691234386e-01,1.142130000007455237e-01
-4.320184829991281283e+00,2.896099526174147343e-01,3.798439122994646810e-01,1.176500000001396984e-01
-4.867918473547267588e+00,-1.682876906291177477e-01,3.192872481873078594e-01,1.142130000007455237e-01
-4.880550133096718035e+00,-3.051805243677296886e-02,3.526829159621860943e-01,1.256829999983892776e-01
-5.133606712564543706e+00,7.675021514629953856e-02,6.203564331877718940e-01,1.155670000007376075e-01
-5.048240482822655473e+00,1.562119942033568520e-02,6.069154159621624745e-01,2.434840000059921294e-01
-4.519429273084479171e+00,2.097355209230107320e-01,6.878271384498668706e-01,1.943979999996372499e-01
-5.292637310606060019e+00,3.780726796946192181e-01,6.742750412006813798e-01,2.061810000013792887e-01
-5.094707000864303836e+00,4.163392814533661834e-02,5.292221142857134186e-01,1.096640000032493845e-01
-4.474565009560230067e+00,-6.181381338798175307e-02,2.770329085629364418e-01,2.183099999965634197e-01
-4.591242135367015642e+00,8.354769188826338677e-02,5.378502873913905136e-01,2.408450000002630986e-01
-4.571608015640273415e+00,1.515000412317633049e-01,5.724183314390600685e-01,2.089699999996810220e-01
-3.933978240302743679e+00,2.119170630240656550e-01,6.312120380466299530e-01,2.035539999997126870e-01
-5.225306182531893384e+00,2.842359119239583620e-01,4.894328866825599644e-01,6.009610000037355348e-01
-5.000787307032589446e+00,-2.025311368198234874e-01,4.946001376783055181e-01,1.162610000028507784e-01
-6.506944392956441447e+00,-4.133381838061138680e-01,2.660750866270066295e-01,2.061810000013792887e-01
-4.714402816901408499e+00,1.285993617478293771e-01,5.549147469322543991e-01,2.408450000002630986e-01
-5.074652741514360521e+00,-2.429105766556283186e-02,5.722472474692624766e-01,1.156130000017583370e-01
-4.863564643799472620e+00,-4.031856914227027744e-03,4.813787051369355918e-01,1.241210000007413328e-01
-4.409159741458910098e+00,5.672405559510007578e-02,5.204360156847740448e-01,2.408450000002630986e-01
-4.803756073858114206e+00,1.876138031910654647e-01,5.072599544338417532e-01,1.943979999996372499e-01
-3.641399766899766632e+00,2.368148821338040833e-01,5.431290989779280487e-01,1.864359999963198788e-01
-4.678795586527294326e+00,3.016135971461748611e-01,7.148691182427977520e-01,4.121869999944465235e-01
-5.128301318267419084e+00,-1.487817104242825650e-01,5.081565380065987680e-01,3.643640000009327196e-01
-4.908828054298642662e+00,-1.245202251171484420e-01,2.779258682799811142e-01,1.156130000017583370e-01
-5.124414075286415127e+00,1.294721503616536040e-02,5.631263735600275933e-01,1.231140000018058345e-01
-4.993044985941892833e+00,5.948335219451461597e-02,7.238521234425571160e-01,3.400120000005699694e-01
-4.979356334841629206e+00,4.083218974853508598e-02,5.850487554104005783e-01,1.256829999983892776e-01
-4.920860568383659484e+00,1.454588470651927423e-01,6.313849919999989790e-01,1.075570000029983930e-01
-5.362925791855203350e+00,-1.157931294581313608e-01,5.420785987984190202e-01,1.177779999998165295e-01
-5.386521698113207357e+00,-8.003398544780182533e-02,4.808836143513606776e-01,2.061810000013792887e-01
-4.757385531135531309e+00,1.477393506052449013e-01,6.234261414496292675e-01,2.039699999950244091e-01
-4.965684991273996651e+00,4.961177131593164091e-02,3.460294128312111916e-01,1.096990000005462207e-01
-6.573293017456360410e+00,-4.481042674563608941e-01,5.712007955650368896e-01,1.156130000017583370e-01
-4.421917319408180447e+00,1.128983118543445130e-01,4.966457423592729459e-01,1.096990000005462207e-01
-4.557401390095568772e+00,9.734176058936228060e-02,5.694745771054090522e-01,1.096640000032493845e-01
-4.808162976085030849e+00,2.130061781438250534e-01,6.229828935892511854e-01,1.257170000026235357e-01
-4.650846344485749739e+00,3.775740384089054658e-02,4.765150179359005089e-01,7.748260000007576309e-01
-5.208514103730664146e+00,-1.607631421922022241e-01,5.602355576969239026e-01,1.075570000029983930e-01
-4.557906046511627451e+00,1.308228806914382147e-01,5.826000835087966623e-01,2.408450000002630986e-01
-8.364850127011006720e+00,-5.040117256209102337e-01,5.528250767460738402e-01,1.142130000007455237e-01
-4.732303602058318681e+00,1.752194608276802512e-02,4.780420385662026428e-01,1.142130000007455237e-01
-4.586682004089979614e+00,7.988513017855769505e-02,5.460535862765559800e-01,1.937039999975240789e-01
-4.643308810949529963e+00,-4.814130098466762320e-03,4.633320098695398181e-01,1.075570000029983930e-01
-4.906754844961239925e+00,1.079264930669285860e-01,5.814664750072863209e-01,3.982870000036200508e-01
-4.428102783725909930e+00,4.679300341377956585e-02,4.733883544959370249e-01,1.646299999993061647e-01
-5.009264088397790360e+00,-5.103419246590767955e-02,5.462245176368316635e-01,1.156130000017583370e-01
-4.783401515151513905e+00,1.423931362333963335e-01,6.055236907836150095e-01,2.061810000013792887e-01
-5.009047801147227474e+00,7.605828922605439857e-02,5.666448087469626582e-01,2.597920000043814071e-01
-4.370773411371237316e+00,1.007217598315719442e-01,5.324648545727128646e-01,1.060540000034961849e-01
-4.639114708603145232e+00,1.846568553778968891e-01,5.945240882770673752e-01,2.061810000013792887e-01
-4.948573543015725384e+00,-1.193817491225956928e-01,4.903591535504023269e-01,2.089699999996810220e-01
-4.573767225325885200e+00,-1.650199235097460360e-02,3.513351971612898028e-01,1.096640000032493845e-01
-4.676450458715596170e+00,2.078045175877223372e-01,5.700679868701328257e-01,2.061810000013792887e-01
-4.253187056737588456e+00,6.285053067499912771e-02,5.217682816901400011e-01,1.096990000005462207e-01
-4.711961538461538090e+00,2.762203094356152633e-02,5.519130781973694555e-01,3.643640000009327196e-01
-5.601068464730290408e+00,8.970288513196855718e-02,6.408988835081188551e-01,1.496760000009089708e-01
-5.872088652482269744e+00,6.498479384541422377e-02,5.504598495981618544e-01,1.330099999977392145e-01
-4.623477777777777575e+00,1.635166615178667016e-01,5.842054444603490548e-01,2.408450000002630986e-01
-4.747716568544995575e+00,-1.117566487053158752e-01,3.657201913545695127e-01,1.071179999999003485e-01
-4.704696014828544826e+00,1.597956363773924693e-01,6.936788025834959015e-01,2.061810000013792887e-01
-4.347753508771930342e+00,8.689152165403246642e-02,5.501238878674612476e-01,1.162610000028507784e-01
-4.212390578999018587e+00,2.316442372485640888e-01,6.068702131605416827e-01,7.503469999937806278e-01
-4.682345141700404056e+00,9.982202546676344213e-02,5.448398671695088291e-01,2.597920000043814071e-01
-5.272857667584940344e+00,1.280743560455288588e-02,6.044295212706872755e-01,1.945720000003348105e-01
-4.963637901861252644e+00,3.281945599827906790e-02,5.997624540945653004e-01,1.142130000007455237e-01
-4.463819935691318186e+00,1.325665891313771994e-01,3.065636113890244929e-01,1.373030000031576492e-01
-4.766774358974359416e+00,1.677239755470516513e-02,3.522973559175562319e-01,1.156709999995655380e-01
-4.829150087260035029e+00,-5.744838710547561789e-02,5.179173327193036247e-01,1.560880000033648685e-01
-4.810092803030303621e+00,-2.501481133229788156e-03,3.246979432220862827e-01,2.183099999965634197e-01
-5.040505174035748048e+00,7.837235730465685890e-02,6.519062750579024401e-01,3.400120000005699694e-01
-4.632895238095238177e+00,8.837555836493926620e-02,6.125004508913488577e-01,7.960529999982099980e-01
-4.267197507190795491e+00,-2.684358562216804245e-02,4.119570617998930540e-01,2.039699999950244091e-01
-4.911717871485943299e+00,7.298001371043127961e-02,5.992980925339368437e-01,5.970020000022486784e-01
-4.853389124893798368e+00,1.786860630761264446e-01,6.071643300256431841e-01,1.096990000005462207e-01
-4.569879795396420086e+00,3.714057120235736420e-02,5.321526601954389424e-01,1.060540000034961849e-01
-5.111748658318425065e+00,1.776149780452103144e-01,4.845499664254352967e-01,1.074419999931706116e-01
-4.675850241545893127e+00,1.264564645685055666e-01,6.120840577564715668e-01,2.183099999965634197e-01
-4.924444538526672410e+00,1.920541825811561409e-02,5.817843619529209365e-01,1.064580000020214356e-01
-4.844420118343195192e+00,-8.536987324515621367e-02,6.030378065255980191e-01,1.636930000022402965e-01
-4.841197886647454318e+00,-6.135142602930887534e-02,3.233641069624639819e-01,2.039699999950244091e-01
-4.868039586919104877e+00,-3.644692801131643733e-02,3.048362037579530059e-01,1.071179999999003485e-01
-4.828550802139036868e+00,8.555654249373123577e-02,5.924276905972267748e-01,8.443520000000717118e-01
-4.750887349953831773e+00,6.795909554379875317e-02,4.929801280386529316e-01,2.061810000013792887e-01
-5.072701454234388230e+00,5.631826963148967025e-02,6.310679337144613488e-01,1.156130000017583370e-01
-4.621787671232876704e+00,4.841321503004714089e-02,6.634623671916543008e-01,4.554859999989275821e-01
-4.613172668513388253e+00,9.298784513027147369e-02,6.357101612149529402e-01,2.408450000002630986e-01
-4.724651291512915741e+00,2.944977231687140318e-02,5.701476247686233512e-01,2.061810000013792887e-01
-5.644781967213114982e+00,-1.178519260608519303e-01,5.754272910045442613e-01,1.702549999972688965e-01
-4.807253484320556325e+00,3.383925761492712070e-02,5.201200454632276537e-01,1.241210000007413328e-01
-4.800537885874648580e+00,1.435229997342073460e-01,6.013569433086526361e-01,2.089699999996810220e-01
-4.952911558669001124e+00,4.322652934313797601e-02,3.452238678443885211e-01,1.155670000007376075e-01
-4.989686859273065878e+00,-1.005285858917712716e-01,3.385803546063754221e-01,2.035539999997126870e-01
-4.892916167664670191e+00,-1.662176943822277764e-01,6.113073025461210896e-01,9.068749999933061190e-01
-4.790127371273713131e+00,-4.789608528522837361e-02,4.818458662850727547e-01,1.096990000005462207e-01
-4.928203030303030197e+00,1.097930672579456868e-01,5.284567470185724813e-01,1.945720000003348105e-01
-4.781976190476190602e+00,-3.561640688737188754e-02,5.734524515194344474e+00,1.241210000007413328e-01
-4.673045454545454724e+00,1.234382055852645266e-01,5.134822721545033719e-01,2.061810000013792887e-01
-5.193620630861039977e+00,7.589549817121810094e-02,7.140335082167820202e-01,1.142130000007455237e-01
-4.150221447253705342e+00,1.341933824056127378e-01,3.465432125235978766e-01,1.155670000007376075e-01
-5.154649446494464549e+00,-7.996414298008769350e-02,3.691609818642302976e-01,2.408450000002630986e-01
-4.729290047393364560e+00,1.173992549322173673e-01,6.030520360567137583e-01,2.061810000013792887e-01
-6.400734732824426843e+00,8.836676467973259008e-02,5.711084430593699190e-01,2.089699999996810220e-01
-4.563879802955664644e+00,2.230393216875317108e-01,5.422017105509490120e-01,3.982870000036200508e-01
-4.517947916666666508e+00,7.316341733533882064e-02,5.944484684968657229e-01,2.089699999996810220e-01
-4.949515751575157552e+00,9.239459325242904697e-02,5.634363272727263006e-01,1.162610000028507784e-01
-4.653275161588179998e+00,-3.832173953494777408e-02,2.812642098786707345e-01,2.035539999997126870e-01
-5.093783898305084712e+00,-4.523437160764309795e-03,4.085292990247555434e-01,1.020720000014989637e-01
-4.669421401515151615e+00,1.716160265078796598e-01,6.156674060944332671e-01,3.982870000036200508e-01
-5.301001874414245307e+00,-1.357089354829481564e-01,2.809381841022903781e-01,2.408450000002630986e-01
-4.812636625119846912e+00,4.764109813825001538e-02,5.148126088766913355e-01,2.061810000013792887e-01
-4.567210332103321058e+00,4.751183063943313911e-01,7.076989818039004509e-01,2.039699999950244091e-01
-5.878248576850094942e+00,-4.528311011219390281e-01,7.385684029307361120e-01,1.213889999999082647e-01
-5.079374887892377011e+00,5.755342426733278671e-02,5.808308421801114951e-01,1.156130000017583370e-01
-4.682215355805243284e+00,5.094918875890908083e-02,5.669399874978292564e-01,2.183099999965634197e-01
-4.785396598030438930e+00,-2.649843289282394210e-02,6.575868084044427242e-01,1.064580000020214356e-01
-5.039658250676284368e+00,1.078820208169286587e-01,6.408917618765547219e-01,1.256829999983892776e-01
-4.389828882294757761e+00,2.362647391044196965e-01,6.861854037240969761e-01,1.924650000000838190e-01
-4.471991533396049157e+00,5.061630974120578941e-02,4.325544352295909167e-01,2.408450000002630986e-01
-4.643544046466602460e+00,5.252471581237561082e-02,5.093022210914094350e-01,2.434840000059921294e-01
-4.411734848484848648e+00,1.684359806859809794e-01,4.250536865675526021e-01,4.277310000034049153e-01
-4.780544865864939652e+00,1.075206103255368362e-01,6.415561164819615358e-01,2.434840000059921294e-01
-5.447456410256410919e+00,-2.017517652082077007e-01,3.281306866714867043e-01,1.067010000042500906e-01
-4.866737972508590637e+00,1.945997352779365031e-01,5.732109984912800993e-01,1.176500000001396984e-01
-4.347485639686684777e+00,2.125555125766904752e-01,7.133398246702179479e-01,1.156130000017583370e-01
-4.469699065420559947e+00,1.292545523902015603e-01,4.729975354928432352e-01,2.183099999965634197e-01
-4.519983215547703104e+00,-6.721610443659287171e-02,3.358406954054883320e-01,1.176500000001396984e-01
-4.972487314085738852e+00,-5.918113912862121850e-02,2.879825415013484990e-01,1.142130000007455237e-01
-4.424415614236509420e+00,1.725416050148274039e-01,5.448041034702862939e-01,4.221760000000358559e-01
-5.072458549222798041e+00,2.303168168306335417e-02,5.584354502820030319e-01,1.029170000037993304e-01
-4.725322128851540349e+00,9.797904073910324030e-02,5.183045032860270629e-01,3.400120000005699694e-01
-5.030954585152837666e+00,8.663984824676518315e-02,5.892121999495067985e-01,1.213889999999082647e-01
-4.102876000000000190e+00,3.737061042281215606e-01,6.385614821512457517e-01,2.597920000043814071e-01
-4.769836279069767926e+00,-1.033650147019518073e-01,3.375033479429396799e-01,2.434840000059921294e-01
-4.731304878048780971e+00,-1.503401833922914932e-01,6.490036153295695165e-01,1.945720000003348105e-01
-5.500559825327510310e+00,-4.388267292421010879e-01,3.666637167938924802e-01,1.231140000018058345e-01
-5.304147826086956563e+00,-4.384454739843235416e-02,4.797530545433170701e-01,2.035539999997126870e-01
-4.339742277992278296e+00,2.074205572567633382e-01,5.631653422105696860e-01,2.183099999965634197e-01
-4.436762906309751564e+00,1.023071871481926465e-01,5.142877780928075682e-01,2.039699999950244091e-01
-4.911137488542620666e+00,1.097033165808927180e-01,6.331605343849571188e-01,2.035539999997126870e-01
-4.838054080629301978e+00,1.469502297155260706e-01,7.368223930312326475e-01,2.035539999997126870e-01
-4.420667307692307091e+00,3.390699719743395235e-02,3.146137258195924047e-01,2.183099999965634197e-01
-4.630257602862254629e+00,2.648172502148682383e-02,3.128500401761776795e-01,1.164690000005066395e-01
-4.940858058608058379e+00,-2.305695308707278457e-03,5.083101016801485628e-01,1.071179999999003485e-01
-4.827869806094183147e+00,6.661507195459748232e-02,4.711071283028683832e-01,2.089699999996810220e-01
-4.898056888888889127e+00,-3.036680624426146835e-02,6.114809486812357031e-01,1.330099999977392145e-01
-4.901005730659025339e+00,5.070446953163365578e-02,2.861487273015982935e-01,2.183099999965634197e-01
-4.682188331627430422e+00,2.043975579431220879e-01,5.910928835204632970e-01,2.061810000013792887e-01
-4.554685470085470200e+00,1.129185703185697776e-01,5.832549313816487446e-01,1.071179999999003485e-01
-4.448581996434938013e+00,1.119190136660721535e-01,6.134224515421831114e-01,1.231140000018058345e-01
-5.199544982698961704e+00,-7.534625890680146654e-02,2.833495788542583771e-01,1.156130000017583370e-01
-5.298227146814403987e+00,-2.120416122232082756e-01,5.655906757140375385e-01,1.164690000005066395e-01
-4.789200962695547403e+00,1.389366996421150802e-01,6.340066387044154261e-01,8.707750000030500814e-01
-4.854905033238366308e+00,-4.098592992452587680e-02,5.035328009623389889e-01,3.982870000036200508e-01
-5.014290707587383267e+00,-8.466861456412733133e-02,2.816933351955303033e-01,1.064580000020214356e-01
-4.580806916426513276e+00,8.491975024015374629e-02,4.829463935153681664e-01,4.221760000000358559e-01
-4.685057142857142587e+00,-1.192887281494936502e-02,3.362578299475141308e-01,1.064580000020214356e-01
-4.147723968565815156e+00,-1.220067817929315623e-02,2.618812648661065223e-01,2.408450000002630986e-01
-4.941672316384181585e+00,-3.453070352436249379e-03,3.641299252782547180e-01,2.434840000059921294e-01
-4.773042671614100563e+00,3.614998893635856803e-02,5.582682686587709942e-01,1.155670000007376075e-01
-4.531730836236933513e+00,7.850035143305778007e-02,5.177008799315516718e-01,1.075570000029983930e-01
-5.349267431597527711e+00,-1.907241102978876057e-01,4.666724373767673351e-01,1.075570000029983930e-01
-4.627979982593559249e+00,-3.383927705050915336e-03,3.456913836094711590e-01,1.155670000007376075e-01
-5.572789954337899587e+00,2.906704230205914286e-01,5.666054748021654985e-01,2.039699999950244091e-01
-4.676392857142857018e+00,-8.557407156410956617e-02,3.029269625726001003e-01,2.061810000013792887e-01
-5.200425569176882590e+00,-3.620052380483151921e-02,6.222424131743412579e-01,1.237390000023879111e-01
-4.783960637300844532e+00,8.379705882626620195e-02,6.212368799176588574e-01,2.061810000013792887e-01
-4.701447037701974807e+00,-5.129868605362286615e-02,3.309916663560106831e-01,1.064580000020214356e-01
-5.588823699421966218e+00,-1.723539007642473919e-01,3.572139983807792185e-01,2.408450000002630986e-01
-4.947601190476190069e+00,-2.179074510514862340e-01,3.279296552970950018e-01,1.156130000017583370e-01
-5.786857746478872855e+00,1.784574505192511040e-01,6.656836426004567597e-01,2.520139999978709966e-01
-4.050500477554918710e+00,1.971006785144453488e-01,5.264442741051270636e-01,3.982870000036200508e-01
-4.733574330563249610e+00,5.889748908248293446e-02,5.515215182432430252e-01,2.434840000059921294e-01
-5.450846511627906565e+00,2.767383940324705804e-01,4.670434553985235437e-01,3.400120000005699694e-01
-4.826591924398625721e+00,5.639854353898243744e-02,5.729275503419252180e-01,1.096640000032493845e-01
-4.907213785046727672e+00,5.877205793911510767e-02,6.031794599667470447e-01,1.256829999983892776e-01
-4.603312252964426143e+00,8.521101389217378141e-02,5.364431171135644050e-01,2.061810000013792887e-01
-4.716118701964133741e+00,2.206374807930711057e-02,4.741709719626160391e-01,1.096640000032493845e-01
-4.951890334572491170e+00,1.137956787481559928e-01,7.711037239620232020e-01,3.982870000036200508e-01
-6.104545780969479196e+00,-3.224167766404741897e-01,2.767449844663150138e-01,1.162610000028507784e-01
-4.783431338028169222e+00,7.917437625754519814e-02,6.324294960197631710e-01,8.381599999993341044e-01
-4.745780977312391791e+00,1.725586479287155584e-02,5.418932831852493193e-01,1.177779999998165295e-01
-5.345823529411765307e+00,-1.541711996626622394e-01,3.675686486044922319e-01,1.945720000003348105e-01
-5.008380733944954422e+00,1.620297210405245991e-01,6.962121140283138443e-01,1.364699999976437539e-01
-4.862143598615916495e+00,-5.345654187832860060e-02,3.718031201183431000e-01,1.176500000001396984e-01
-4.899918650793651409e+00,3.247795937583930481e-02,6.520186098856856072e-01,2.434840000059921294e-01
-4.832053072625698498e+00,-4.922722992906969353e-02,7.076989818039004509e-01,2.061810000013792887e-01
-4.792854947166186541e+00,-1.943466544832590515e-01,4.655650061314698385e-01,4.039120000015827827e-01
-4.526968283582089470e+00,1.004137603529633438e-01,3.679047380163611436e-01,2.035539999997126870e-01
-4.217380173243503449e+00,1.715631793576521957e-01,6.404235589031420650e-01,3.982870000036200508e-01
-4.523695246971108475e+00,3.331553734261660793e-02,5.705860312467230244e-01,2.183099999965634197e-01
-5.046218696397941628e+00,2.831830876557006604e-02,6.397167620017218947e-01,1.142130000007455237e-01
-4.952506849315068571e+00,1.291215231827553822e-01,5.869049672366710713e-01,1.096990000005462207e-01
-4.692224409448819245e+00,-2.535234385750326780e-01,3.213538360094445046e-01,1.283219999968423508e-01
-4.986652100840336388e+00,-2.748660788259016385e-02,5.059487973985745679e-01,1.071179999999003485e-01
-4.712559829059828509e+00,-2.306288404964629279e-02,3.247082601849084482e-01,1.067010000042500906e-01
-5.216053228621291282e+00,-1.443683584332875469e-01,3.439796122591720628e-01,1.213889999999082647e-01
-4.960729879740980230e+00,3.744085196633673007e-02,6.096627696969706411e-01,3.643640000009327196e-01
-4.702003784295174960e+00,1.603132429861044983e-01,6.174838089114150774e-01,2.434840000059921294e-01
-4.807686789151356166e+00,-1.718575208586736736e-01,3.158744991879349762e-01,1.071179999999003485e-01
-4.830870801033591455e+00,-1.213869300658494410e-01,2.829696648075654131e-01,1.064580000020214356e-01
-5.192183083511777042e+00,-5.097039440422612699e-03,3.097439549994299712e-01,2.434840000059921294e-01
-4.566297652582159472e+00,1.898982933637860526e-01,5.696105003489180252e-01,3.643640000009327196e-01
-5.389785253456221170e+00,-1.065200807204602640e-01,5.302508632911391295e-01,1.067010000042500906e-01
-4.431326513213980967e+00,-2.220770133279259539e-02,5.396586617778209582e-01,1.071179999999003485e-01
-5.490680602006689170e+00,3.652200291371698881e-02,7.043973038416753152e-01,1.060540000034961849e-01
-4.429820594479830120e+00,1.071122342808132899e-01,6.055056170023364048e-01,3.400120000005699694e-01
-4.610352045670789600e+00,2.261559224567006865e-01,7.696629444760814120e-01,3.400120000005699694e-01
-4.764786034019695471e+00,1.219978320381427395e-01,6.442831039949511451e-01,1.064580000020214356e-01
-5.086017009847807024e+00,2.194959665038798136e-02,5.084152445497914785e-01,1.051510000033886172e-01
-4.629826959847036072e+00,1.691768826121373692e-01,5.502759611689753694e-01,2.408450000002630986e-01
-4.825206492335437858e+00,2.736245557058847311e-02,5.526941597482991630e-01,1.162610000028507784e-01
-4.444386012715713541e+00,1.555493242606065252e-01,5.966120986743599364e-01,1.029049999997369014e-01
-5.032023339317773569e+00,1.784520705182934819e-01,6.598443664122126684e-01,1.096990000005462207e-01
-5.182732522796352548e+00,1.445045982029835585e-02,3.674214892497300600e-01,1.384719999987282790e-01
-4.823865657521286820e+00,5.693847633698112531e-02,4.828610684172915390e-01,2.408450000002630986e-01
-4.571649189704480420e+00,1.067659769709461415e-02,5.855465186513626463e-01,2.408450000002630986e-01
-5.201072727272727292e+00,1.106293403964455635e-01,4.531331903098720915e-01,2.089699999996810220e-01
-4.610696629213483000e+00,-1.686765927836111345e-01,2.762428651702493188e-01,1.177779999998165295e-01
-4.484457987072945073e+00,-4.672039360526625273e-03,6.778374414549075411e-01,2.434840000059921294e-01
-4.699296380090497216e+00,-7.922648761737960399e-02,6.349457643153521014e-01,8.702429999975720420e-01
-4.695954081632652155e+00,8.552713224018049232e-02,4.947166852799563252e-01,1.096640000032493845e-01
-4.614596296296296529e+00,8.837037037036310494e-03,4.601634035761704156e-01,2.061810000013792887e-01
-5.125885624344176605e+00,-7.733578174186828136e-02,2.758033053193658102e-01,2.434840000059921294e-01
-4.570304642166345133e+00,1.117613955695038186e-01,4.763353371336476183e-01,2.597920000043814071e-01
-4.489867517173699696e+00,1.862153999092175383e-01,6.514120322413308184e-01,1.945720000003348105e-01
-5.252152215799615220e+00,-2.469584669229352158e-02,4.925836428269914080e-01,1.241210000007413328e-01
-4.929678770949720956e+00,-9.741615412729043300e-02,3.357069314648835068e-01,2.061810000013792887e-01
-4.730868791002810880e+00,-3.955289563057817759e-02,2.959686163385182867e-01,3.400120000005699694e-01
-4.715521972132904693e+00,9.773380051363123044e-02,5.216576894821481902e-01,8.243739999888930470e-01
-4.754777365491650976e+00,1.159703822560969044e-01,5.298656465427603601e-01,1.075570000029983930e-01
-4.564409130816505566e+00,-1.447111428757974494e-02,5.279565236556351682e-01,1.155670000007376075e-01
-4.241427350427350085e+00,1.840312237537675699e-01,6.139913751634991090e-01,2.597920000043814071e-01
-5.252000900900900326e+00,3.933551885218644628e-02,6.184073990461039783e-01,1.096640000032493845e-01
-4.927501801801802195e+00,1.111365531412644714e-02,6.711820625513714722e-01,1.060540000034961849e-01
-4.695982024597918247e+00,8.934194543953477563e-02,5.822628087031456179e-01,2.061810000013792887e-01
-4.964215878679750560e+00,-2.793656457527937675e-03,5.137833454992424276e-01,1.231140000018058345e-01
-4.939879182156133197e+00,6.528035731755021942e-02,5.265523056394268986e-01,2.089699999996810220e-01
-5.187108474576271888e+00,-1.237419465740696722e-02,5.641259208563527139e-01,1.051510000033886172e-01
-4.388960514233240851e+00,1.972591024094771939e-02,4.728057501158478004e-01,2.089699999996810220e-01
-4.834327392120075118e+00,5.971038123976590839e-02,3.842206431025085855e-01,2.183099999965634197e-01
-4.044097353497163816e+00,2.847662828664727641e-01,6.898097244992813515e-01,2.183099999965634197e-01
-5.562862101313321261e+00,1.994490740238656912e-01,6.766293753885684881e-01,2.434840000059921294e-01
-5.567093829247674819e+00,2.716383644845192791e-01,4.815063543871024310e-01,1.071179999999003485e-01
-5.915213991769546986e+00,-1.645808210378403302e-01,5.943556093261934681e-01,1.334369999967748299e-01
-4.786067176870748341e+00,5.860809003316624910e-02,5.790213244019130068e-01,1.029170000037993304e-01
-5.805640226628893785e+00,-8.746165520032267438e-02,5.903027250610072274e-01,1.636930000022402965e-01
-4.999888596491227410e+00,2.435048874785827877e-02,6.084349435030342867e-01,1.071179999999003485e-01
-5.613961466165412695e+00,-1.880818900575125241e-01,3.394190269663386883e-01,2.597920000043814071e-01
-4.353332338308457672e+00,3.040311025517574706e-01,5.595424380196648562e-01,2.434840000059921294e-01
-4.744813769751694110e+00,-4.821783295711234985e-02,3.132767510085898710e-01,1.231140000018058345e-01
-4.457573543928924131e+00,1.928843148410077646e-01,5.276182715490770336e-01,6.143870000014430843e-01
-4.849301691729323238e+00,6.284005584349205975e-02,5.330798373824449099e-01,2.434840000059921294e-01
-4.713382380506091707e+00,1.124469105386847190e-01,5.565986000681892865e-01,4.039120000015827827e-01
-5.146499038461539222e+00,-9.526382211539008438e-03,6.576245870570103236e-01,2.434840000059921294e-01
-4.604538230884557493e+00,5.237803320561962295e-02,5.194462077058483729e-01,5.941439999951398931e-01
-4.222720000000000695e+00,3.578145208131644495e-02,2.794287694444448911e-01,2.089699999996810220e-01
-4.815027281279397720e+00,9.090048607519918278e-02,6.774312368639850979e-01,2.061810000013792887e-01
-4.782346299810247281e+00,-1.678207526219743784e-02,5.324191813971689280e-01,2.035539999997126870e-01
-4.523186206896551376e+00,1.682761269291503936e-01,5.480820869886220414e-01,1.142130000007455237e-01
-5.242752551020409157e+00,-3.426904267719113051e-01,4.030962192010652534e-01,1.096640000032493845e-01
-5.440297974927675639e+00,-3.594518210815218495e-01,4.228407827393284579e-01,2.061810000013792887e-01
-5.228055084745762748e+00,-1.006381074925322139e-02,6.158409641887815367e-01,1.096990000005462207e-01
-4.932161440185830692e+00,2.997691597855300927e-02,7.148698597504912211e-01,1.241210000007413328e-01
-5.143218990590248119e+00,2.110995677817228966e-02,5.120724599924634246e-01,1.156709999995655380e-01
-4.930029384756656974e+00,-9.644387751027938549e-02,5.157004530125037789e-01,1.155670000007376075e-01
-4.642896363636363155e+00,1.231264050339468952e-01,5.721450268964066721e-01,1.071179999999003485e-01
-4.486431683168317086e+00,1.625140226559675938e-01,6.230907806508629854e-01,6.143870000014430843e-01
-5.168127877237851386e+00,2.267824558108246791e-01,6.157038768372644633e-01,1.162610000028507784e-01
-4.736042168674698516e+00,-1.330107276266643268e-01,3.004787400772484518e-01,1.156130000017583370e-01
-4.179262234533702269e+00,2.002627654662978429e-01,6.033076231562600755e-01,2.183099999965634197e-01
-4.865450741063644280e+00,3.970513423611699011e-02,5.170764075961385986e-01,1.096640000032493845e-01
-4.803677685950413334e+00,2.763245897712351962e-02,5.392149089048096089e-01,1.256829999983892776e-01
-4.558877496671104979e+00,9.821232368817600644e-02,6.192832028131537436e-01,6.009610000037355348e-01
-4.384246350364963796e+00,1.623131522993341846e-01,7.772064643588484367e-01,4.221760000000358559e-01
-4.870013640238703978e+00,2.455937427880261481e-02,5.501774980804197135e-01,1.155670000007376075e-01
-4.436918539325843014e+00,8.341728156967942454e-02,5.166477922653329724e-01,2.576390000031096861e-01
-4.954715131022823016e+00,-3.608074367104396885e-02,6.124264008097156653e-01,1.096640000032493845e-01
-5.219045670789724589e+00,-3.472648081865514769e-02,5.981839045839285607e-01,2.408450000002630986e-01
-5.935949308755760434e+00,1.751164807179232952e-01,5.421438941285863233e-01,2.039699999950244091e-01
-4.561060344827586377e+00,7.791820897461221307e-03,3.171880962928420034e-01,2.061810000013792887e-01
-4.965222488038277149e+00,-6.614952666488616018e-02,5.425648487043179813e-01,1.230910000012954697e-01
-4.434115087040618519e+00,1.043868584846734393e-01,5.189635674094793538e-01,2.089699999996810220e-01
-4.766778135048230780e+00,-9.188606456364833974e-02,5.559016859909965413e-01,1.323839999968186021e-01
-4.433860153256705239e+00,1.128501451071066697e-01,6.028225301872158770e-01,2.434840000059921294e-01
-4.367922943722942541e+00,9.148894152295916626e-02,5.729295692793258121e-01,1.075570000029983930e-01
-4.300888038277511427e+00,9.234328485480070015e-02,5.424484953762216399e-01,1.156130000017583370e-01
-6.947143738977072047e+00,-4.670287199656648625e-01,6.146592835697354262e-01,1.177779999998165295e-01
-4.765258154706430993e+00,1.226924156357744877e-01,4.874891585045386666e-01,3.400120000005699694e-01
-4.926724663677130245e+00,6.044701773879967988e-02,5.668077253094079282e-01,1.237390000023879111e-01
-4.806375118708452021e+00,1.892056540541453558e-02,6.430520417640763764e-01,1.257170000026235357e-01
-4.133876923076923227e+00,2.035466063348412291e-01,5.618686147930015418e-01,2.035539999997126870e-01
-4.905956685499057279e+00,1.349444661324215033e-01,5.883532252135362794e-01,2.408450000002630986e-01
-4.519684407096171697e+00,2.715313723715091498e-01,6.430977719125464676e-01,2.061810000013792887e-01
-4.809910409556314548e+00,-1.594052470246154485e-02,4.839135654806068221e-01,1.142130000007455237e-01
-4.756046401515151345e+00,5.060095620842552933e-02,5.926137617367913668e-01,2.089699999996810220e-01
-4.980761248852157763e+00,1.090995925717903603e-01,6.283452115007117644e-01,2.234729999981936999e-01
-5.211920329670329366e+00,2.018625340177049310e-02,4.239740350061390051e-01,1.257170000026235357e-01
-4.802403017241379857e+00,6.612270982797152641e-02,5.151153900037862554e-01,3.982870000036200508e-01
-4.505959532374101073e+00,6.065585224128344777e-02,4.938944146220874409e-01,1.273030000011203811e-01
-4.513962894248608748e+00,9.530167559412916489e-02,6.082610877872535182e-01,1.051510000033886172e-01
-4.552269415148609610e+00,7.535005387793880516e-02,5.252848342077308663e-01,3.400120000005699694e-01
-5.917884713919726813e+00,-2.480217743345143333e-01,8.583623434247855677e-01,1.155670000007376075e-01
-4.633145951035781529e+00,1.050884847618833717e-01,5.551600673331970048e-01,4.039120000015827827e-01
-4.696116402116402355e+00,3.849373004218747951e-02,5.904599587673607930e-01,1.943979999996372499e-01
-4.856672428694900567e+00,-1.178954581201807628e-02,4.688216804316009401e-01,1.156130000017583370e-01
-5.574536878216123092e+00,1.764743577389333851e-01,5.299775082073566734e-01,1.155670000007376075e-01
-4.033376757263354762e+00,3.393780689914711601e-01,6.130087844992675450e-01,2.183099999965634197e-01
-4.684097001763667834e+00,-4.648683227214256419e-02,3.400938165997038909e-01,1.067010000042500906e-01
-5.568416517055655213e+00,3.009388548451710221e-01,5.931070254585062429e-01,1.241210000007413328e-01
-4.707786116322701275e+00,4.198500352012768388e-02,5.803229186705143317e-01,2.234729999981936999e-01
-4.615522869955157148e+00,-4.747268886591271553e-03,5.229857576669439956e-01,1.156709999995655380e-01
-5.098813139931739791e+00,-1.154110602090367976e-01,3.195117082933885966e-01,1.071179999999003485e-01
-4.326891283973758107e+00,2.256643791433763369e-01,6.447232313099795498e-01,2.183099999965634197e-01
-4.649438320209974052e+00,7.486776516695581307e-02,3.521624976238525440e-01,1.177779999998165295e-01
-4.903706448508180493e+00,-7.801444455951411783e-02,5.800951225925660149e-01,1.945720000003348105e-01
-4.747950138504156037e+00,3.749855892841233995e-01,6.531321040208039053e-01,2.061810000013792887e-01
-5.898552453468696832e+00,1.910980655624454627e-01,5.497166492143072958e-01,1.071179999999003485e-01
-4.662923298178331954e+00,2.232527096879417527e-01,6.683999938453967227e-01,2.408450000002630986e-01
-4.867681663837012174e+00,8.906680242065601050e-02,6.241723339191554976e-01,1.096640000032493845e-01
-4.857692732290708193e+00,5.545209529549932626e-02,6.621276545587528872e-01,2.039699999950244091e-01
-4.255859960552268006e+00,9.257077948568248615e-02,4.953828023458257124e-01,2.183099999965634197e-01
-5.011745266781411523e+00,1.823353180516029681e-02,6.365264033351505368e-01,1.142130000007455237e-01
-4.945410026857653740e+00,-7.753420986419001792e-02,3.483981631834848769e-01,1.067010000042500906e-01
-4.702490439770555142e+00,1.285870796092902779e-01,7.024688294894364526e-01,3.643640000009327196e-01
-4.647983774551665448e+00,8.469417683722380019e-02,6.285867883031928116e-01,1.176500000001396984e-01
-3.425164999999999793e+00,4.669777230046956440e-01,5.049689850653960033e-01,1.156709999995655380e-01
-4.705650190114068820e+00,7.172391793893861944e-02,4.698528404086916854e-01,2.039699999950244091e-01
-4.677852749301025348e+00,-2.260795247248204021e-02,2.832929049387428178e-01,4.121869999944465235e-01
-4.846837360594795641e+00,-7.206023449508958123e-02,2.804811211287936978e-01,1.945720000003348105e-01
-4.906631628787878618e+00,1.340147480237163791e-01,5.547638882658779691e-01,4.121869999944465235e-01
-5.003126672613738002e+00,5.084260542005658579e-02,5.882977709038530456e-01,1.230910000012954697e-01
-3.879692383778437392e+00,1.784007980397448456e-01,3.209294043406462071e-01,2.035539999997126870e-01
-4.971634741784037637e+00,1.868070327076445380e-01,5.894791991044988633e-01,2.408450000002630986e-01
-4.789658649398704782e+00,1.801948717280561496e-01,7.019709726522184168e-01,2.061810000013792887e-01
-4.681203071672355165e+00,7.317327241366644586e-02,5.113969407124514532e-01,1.029170000037993304e-01
-4.884750640478223715e+00,-1.219165658080001435e-03,5.201237398280794677e-01,1.060540000034961849e-01
-5.270944444444443988e+00,-1.847678710178612960e-02,5.814919688801841735e-01,1.096990000005462207e-01
-4.482112337011032288e+00,9.829244863203889793e-02,5.922808453361387837e-01,4.039120000015827827e-01
-4.840042532146391352e+00,-4.061240330595516923e-02,5.251181675402832871e-01,1.213889999999082647e-01
-4.572833808167141356e+00,-1.552766613259226602e-02,3.408932518950070767e-01,3.400120000005699694e-01
-4.919733220050977351e+00,2.609415571188300476e-02,5.820911646832459541e-01,1.142130000007455237e-01
-5.761398470688189555e+00,-2.686063744682574139e-01,5.734121886911647259e-01,1.064580000020214356e-01
-4.511790476190475907e+00,1.329962536673443552e-01,5.658039661829048494e-01,2.183099999965634197e-01
-5.019964352720450051e+00,-6.664911462521239116e-02,3.166344105667401876e-01,2.089699999996810220e-01
-4.950978386167146361e+00,5.761872127087031004e-02,3.784873760077842597e-01,1.557519999987562187e-01
-5.051257276995305467e+00,9.909583034932722967e-02,6.225234404180649550e-01,2.039699999950244091e-01
-4.207334291187740050e+00,1.888203780729611481e-01,5.855841120017326595e-01,2.061810000013792887e-01
-4.808925000000000338e+00,9.110563241106639509e-02,5.783892627103629502e-01,6.143870000014430843e-01
-4.207128423040604304e+00,1.852855348943860392e-01,4.781371566646162030e-01,2.061810000013792887e-01
-4.965791015625000249e+00,-6.778425886824379631e-02,5.315004701286013544e-01,2.408450000002630986e-01
-5.215064885496183855e+00,3.215246177840409558e-01,6.311632298472836800e-01,2.183099999965634197e-01
-4.649333630686887098e+00,5.256932289961113725e-02,4.602514837728187702e-01,1.075570000029983930e-01
-4.816003666361137192e+00,1.902985558610845729e-01,7.461816349257435199e-01,1.230910000012954697e-01
-5.188042857142856512e+00,-4.981640786749430561e-02,5.840289649179262188e-01,1.142130000007455237e-01
-4.723949810606060673e+00,7.008619594058362878e-02,5.127854297022236274e-01,2.089699999996810220e-01
-4.590059895833332959e+00,-7.922463645267718846e-03,2.908754465402078604e-01,1.162610000028507784e-01
-4.476160952380952907e+00,1.270175522919441136e-01,5.245160307158460711e-01,2.061810000013792887e-01
-4.576457597173144265e+00,1.627118588938012422e-01,6.133439367022074373e-01,1.096640000032493845e-01
-4.742721062618596051e+00,4.743108953355612556e-02,5.026615001233813995e-01,2.183099999965634197e-01
-5.045970175438595717e+00,-1.693116388532303063e-01,6.300207452929071916e-01,1.230910000012954697e-01
-5.291487588652483254e+00,-1.575928015116900838e-02,6.518599123553981967e-01,1.177779999998165295e-01
-4.994468213058419259e+00,-6.251830250385737031e-02,3.249791947245926349e-01,1.177779999998165295e-01
-4.537231638418079527e+00,2.254803690866102883e-01,7.739767862088584582e-01,2.039699999950244091e-01
-5.711726718885987708e+00,-7.634194522343662470e-02,5.806443129488718657e-01,1.071179999999003485e-01
-4.757515406162465155e+00,1.111857083258831480e-01,6.023109850944508015e-01,2.039699999950244091e-01
-5.100883642495783299e+00,2.255886114322702696e-02,2.999742965306642084e-01,1.013419999944744632e-01
-4.454301960784314396e+00,6.450046555884014765e-02,5.321588466929618733e-01,2.434840000059921294e-01
-4.560235237173281497e+00,8.326925833121290310e-02,5.662424493016763316e-01,3.982870000036200508e-01
-4.464823977164606106e+00,2.624795679765767886e-02,4.888321038447715483e-01,2.089699999996810220e-01
-4.522390610328637983e+00,2.507055937414293112e-02,5.057165806511567663e-01,2.183099999965634197e-01
